Age,Player Role,Player Type,BMI,Matches Last Week,Matches Last Month,Balls Faced Last Match,Acute Workload (7d),Chronic Workload (30d),Injuries Last 30d,Rest Days,Travel Load,Match Format,Injury Risk %
24,Wicket-keeper,Aggressive,25.1,3,11,92,178.1,383.4,0,5,Low,T20,66
37,Bowler,Smooth,30.2,1,6,5,40.5,260.5,0,5,Low,ODI,30
32,Wicket-keeper,Aggressive,19.0,2,6,46,137.6,320.2,1,4,Medium,ODI,55
28,Wicket-keeper,Aggressive,21.8,3,6,66,124.0,305.2,0,6,High,T20,50
25,All-rounder,Smooth,27.2,0,7,21,0.0,357.4,0,9,High,T20,33
38,All-rounder,Aggressive,22.6,3,11,82,121.3,413.4,1,4,Medium,Test,64
24,Batsman,Smooth,25.7,0,9,81,0.0,366.6,1,8,Low,T20,35
36,Batsman,Aggressive,24.1,0,4,119,0.0,167.1,0,8,Low,Test,13
28,Wicket-keeper,Smooth,28.8,3,5,38,179.9,169.7,1,6,Low,ODI,46
28,Bowler,Aggressive,20.7,3,9,17,194.0,277.0,1,6,Low,T20,59
38,All-rounder,Smooth,26.6,0,6,88,0.0,322.0,1,9,Medium,T20,30
21,All-rounder,Aggressive,27.9,1,9,58,56.3,324.2,0,7,Low,T20,38
25,Wicket-keeper,Aggressive,21.0,1,5,101,53.8,180.0,0,6,Low,T20,23
20,Batsman,Aggressive,25.5,3,11,90,164.9,352.9,0,5,Low,T20,60
39,Bowler,Smooth,21.1,2,8,7,84.3,425.7,0,7,Medium,ODI,53
38,Batsman,Smooth,23.6,1,10,58,60.5,444.9,0,8,Medium,T20,51
19,Batsman,Aggressive,22.9,3,6,55,165.3,280.1,0,4,Medium,ODI,53
29,Batsman,Smooth,17.5,1,5,59,63.0,263.9,0,5,Medium,ODI,34
23,Batsman,Numb,24.6,2,7,64,109.1,270.5,1,4,High,T20,48
19,All-rounder,Smooth,23.9,3,6,23,133.4,273.2,0,5,Low,T20,47
38,All-rounder,Aggressive,27.2,2,5,44,118.9,154.8,1,4,Medium,T20,35
18,Batsman,Smooth,25.0,3,6,88,135.5,208.0,1,3,Medium,T20,44
29,Bowler,Aggressive,29.2,2,7,2,132.3,355.5,0,6,Medium,ODI,55
39,Wicket-keeper,Aggressive,23.8,1,10,95,58.4,491.7,1,8,High,T20,60
29,Bowler,Numb,23.2,1,3,4,44.7,116.3,0,5,Low,ODI,16
34,Bowler,Aggressive,23.0,2,11,4,137.7,433.6,0,7,Medium,T20,63
27,Bowler,Smooth,22.4,2,11,19,111.1,476.7,1,6,Low,T20,66
33,Batsman,Smooth,18.0,2,11,92,84.4,330.1,0,7,Medium,ODI,43
32,All-rounder,Smooth,22.9,3,10,87,176.4,360.3,1,6,Low,ODI,65
32,Bowler,Smooth,18.3,1,9,14,47.6,316.9,0,7,Low,T20,36
36,Batsman,Aggressive,24.6,3,9,43,192.3,326.4,1,6,Medium,T20,64
29,Bowler,Aggressive,20.4,1,9,12,64.5,451.3,0,5,Medium,ODI,54
37,Bowler,Smooth,21.3,0,4,3,0.0,148.0,0,6,Low,T20,11
20,Batsman,Aggressive,21.8,3,12,37,165.2,417.5,0,3,Medium,T20,68
22,All-rounder,Aggressive,23.0,1,3,61,53.6,127.8,1,5,Medium,ODI,21
36,All-rounder,Aggressive,23.5,1,5,76,62.6,258.2,1,8,Low,T20,34
24,Wicket-keeper,Aggressive,26.2,3,11,102,131.9,396.4,0,3,Medium,ODI,61
38,Batsman,Aggressive,22.1,3,9,31,169.2,287.7,0,6,Medium,ODI,54
26,Wicket-keeper,Aggressive,24.7,1,6,101,56.4,233.5,0,6,Medium,ODI,29
24,Wicket-keeper,Smooth,30.3,3,11,36,128.1,535.6,1,6,Low,ODI,75
35,Wicket-keeper,Smooth,24.4,2,5,49,105.1,218.8,0,4,Low,ODI,37
21,All-rounder,Smooth,23.0,3,11,107,196.8,554.6,1,4,Medium,ODI,90
31,Batsman,Aggressive,21.6,3,6,94,197.1,323.9,1,5,High,Test,69
35,Wicket-keeper,Aggressive,23.0,3,8,118,128.9,398.5,0,6,Medium,T20,58
26,Batsman,Aggressive,21.3,1,9,42,42.7,405.9,0,5,Low,T20,46
38,Batsman,Smooth,24.2,2,4,100,95.8,169.3,0,4,Medium,ODI,30
19,All-rounder,Smooth,23.8,0,2,20,0.0,62.0,1,6,High,ODI,7
37,Wicket-keeper,Aggressive,18.1,0,4,98,0.0,218.4,0,8,Low,T20,17
32,Wicket-keeper,Numb,23.5,2,7,51,123.2,277.1,0,5,High,Test,50
24,Batsman,Aggressive,26.2,2,11,28,86.1,371.9,1,5,High,T20,54
29,Bowler,Smooth,22.5,2,4,4,117.4,186.7,0,4,Low,ODI,36
25,All-rounder,Smooth,21.9,1,9,47,50.7,334.0,1,8,High,ODI,43
32,All-rounder,Numb,20.1,0,5,43,0.0,223.2,0,6,Low,Test,21
20,All-rounder,Smooth,18.9,2,8,79,94.0,357.4,0,4,High,T20,52
31,All-rounder,Smooth,25.6,1,4,54,59.2,164.6,1,8,Medium,ODI,24
34,Wicket-keeper,Aggressive,23.0,0,8,105,0.0,407.2,0,6,Medium,T20,38
21,Wicket-keeper,Smooth,25.4,3,6,46,184.2,219.7,0,5,Medium,T20,50
35,Bowler,Aggressive,27.3,1,4,7,66.2,164.9,1,5,Medium,T20,27
25,All-rounder,Numb,25.8,0,9,95,0.0,391.0,0,8,Low,ODI,35
21,All-rounder,Smooth,22.1,1,6,39,66.0,279.5,2,5,Medium,T20,41
19,Batsman,Smooth,23.9,0,5,84,0.0,248.0,2,7,Low,T20,26
23,Wicket-keeper,Smooth,22.0,0,4,104,0.0,159.5,0,9,Low,ODI,10
39,All-rounder,Smooth,21.7,3,6,68,158.5,276.9,0,4,Low,ODI,52
27,Bowler,Smooth,24.4,1,5,19,44.8,168.8,1,5,Medium,ODI,24
21,Bowler,Smooth,21.4,2,11,11,122.0,586.5,0,4,Low,Test,80
39,Wicket-keeper,Aggressive,18.0,3,6,66,188.3,237.5,0,5,Low,T20,52
35,Bowler,Aggressive,21.3,3,7,12,129.5,337.7,1,3,Low,Test,58
29,Bowler,Aggressive,22.7,0,4,1,0.0,122.0,0,6,Low,Test,10
19,Wicket-keeper,Aggressive,27.3,2,8,81,128.9,281.0,1,4,Medium,T20,50
27,All-rounder,Numb,22.3,1,5,105,68.1,210.9,0,6,High,T20,31
21,All-rounder,Aggressive,24.8,2,7,37,110.8,363.7,0,6,Low,T20,52
31,Bowler,Numb,23.1,2,6,5,137.0,259.1,0,5,High,T20,48
33,Bowler,Aggressive,26.6,2,5,2,112.1,266.2,2,6,Medium,ODI,47
32,All-rounder,Aggressive,26.4,2,6,46,103.7,252.6,1,5,Medium,ODI,42
25,Wicket-keeper,Smooth,26.4,2,4,111,130.9,169.0,1,4,Medium,ODI,39
31,Bowler,Smooth,19.2,0,7,10,0.0,231.0,0,7,High,ODI,22
25,Batsman,Smooth,24.0,0,3,58,0.0,150.2,0,7,Low,T20,11
38,Wicket-keeper,Smooth,25.4,3,5,68,164.1,180.9,0,5,Medium,Test,44
33,Bowler,Smooth,24.5,0,9,18,0.0,472.4,0,8,Medium,T20,43
30,Bowler,Aggressive,25.1,3,6,18,194.9,316.6,0,4,Medium,Test,64
35,Batsman,Numb,23.6,3,8,63,156.3,428.7,0,5,High,T20,69
32,Batsman,Numb,21.6,1,8,91,50.0,344.0,0,7,Low,Test,41
38,All-rounder,Smooth,19.3,2,9,73,109.5,422.3,1,6,Medium,T20,60
30,Wicket-keeper,Aggressive,21.9,0,5,114,0.0,247.3,0,9,Medium,T20,20
26,Wicket-keeper,Smooth,30.2,1,8,53,47.2,266.2,2,7,Low,T20,36
32,All-rounder,Aggressive,22.3,0,5,90,0.0,225.1,0,9,Low,ODI,17
30,Wicket-keeper,Aggressive,18.6,3,5,55,163.8,154.3,0,6,Medium,Test,41
18,Wicket-keeper,Aggressive,25.3,0,9,37,0.0,382.0,0,8,High,T20,37
24,Wicket-keeper,Smooth,25.6,2,8,57,86.4,271.0,0,5,Medium,Test,40
26,Wicket-keeper,Numb,26.7,3,6,78,141.5,207.4,0,5,High,ODI,44
18,Wicket-keeper,Smooth,24.7,3,8,28,205.4,313.0,0,3,Medium,ODI,64
29,Batsman,Smooth,25.6,1,4,92,49.2,163.2,0,6,Low,Test,22
25,Wicket-keeper,Aggressive,28.1,2,11,91,90.1,501.4,1,7,Low,T20,65
28,Batsman,Aggressive,21.6,3,5,70,161.5,159.3,1,6,Low,T20,42
36,Wicket-keeper,Aggressive,21.1,2,8,54,98.4,340.7,1,5,Low,Test,52
34,All-rounder,Numb,20.8,0,9,101,0.0,311.1,0,7,Low,Test,29
25,Bowler,Aggressive,22.8,2,4,14,99.4,177.4,0,6,Medium,Test,32
20,Batsman,Numb,27.1,3,10,33,169.0,459.4,0,6,Medium,Test,73
20,Wicket-keeper,Smooth,24.8,1,4,111,56.6,175.7,0,5,Low,T20,24
18,All-rounder,Aggressive,24.7,3,11,49,152.1,533.0,0,5,Low,Test,78
22,Bowler,Smooth,19.0,2,8,17,106.8,307.1,0,5,Low,T20,46
27,Batsman,Smooth,21.8,2,9,58,137.9,442.1,0,7,Medium,Test,65
24,Bowler,Numb,18.9,3,12,19,154.0,489.8,0,4,Low,T20,73
26,All-rounder,Numb,26.4,2,8,83,95.5,336.8,0,5,Low,ODI,47
24,Batsman,Aggressive,27.5,0,7,44,0.0,323.4,1,7,High,ODI,34
26,Bowler,Aggressive,25.4,3,5,16,161.2,152.3,1,5,High,T20,44
25,Wicket-keeper,Smooth,21.0,1,6,95,62.8,278.1,1,5,Low,T20,38
29,Batsman,Numb,27.2,3,6,85,138.5,272.8,1,3,Medium,Test,53
19,Bowler,Aggressive,22.9,0,4,6,0.0,151.0,0,9,Low,Test,11
18,All-rounder,Smooth,20.5,0,4,41,0.0,128.6,1,7,Medium,T20,11
33,All-rounder,Smooth,21.1,0,2,50,0.0,64.5,1,6,Medium,ODI,5
22,Batsman,Smooth,22.4,0,9,42,0.0,477.7,0,7,Low,ODI,45
20,Bowler,Aggressive,23.6,0,3,5,0.0,141.7,0,9,Medium,T20,9
29,Batsman,Smooth,23.1,1,10,39,56.9,331.8,2,6,Low,T20,45
25,Batsman,Numb,20.0,2,5,57,92.3,194.6,0,4,Low,Test,34
39,Bowler,Aggressive,26.5,0,2,16,0.0,89.6,1,7,Low,ODI,7
20,Bowler,Aggressive,23.1,0,3,13,0.0,152.7,0,6,Medium,ODI,12
18,Wicket-keeper,Numb,21.7,3,8,98,196.7,248.7,0,6,Low,ODI,54
20,Bowler,Aggressive,26.3,1,10,18,45.9,359.2,0,6,Low,T20,41
22,All-rounder,Numb,20.5,1,3,108,66.2,156.7,0,5,Low,T20,24
32,Batsman,Smooth,19.4,2,7,20,101.2,211.6,1,7,Low,T20,36
31,Batsman,Aggressive,26.7,1,4,26,61.7,140.1,2,6,Medium,T20,25
20,All-rounder,Numb,28.2,3,5,76,148.7,269.9,0,6,Low,ODI,48
18,Bowler,Aggressive,22.3,3,6,13,201.5,272.0,0,3,Low,Test,61
22,All-rounder,Smooth,23.4,2,11,31,87.6,402.0,1,5,Medium,T20,55
31,All-rounder,Aggressive,20.6,3,5,24,136.1,158.4,0,4,Medium,T20,36
24,Wicket-keeper,Smooth,23.5,0,3,69,0.0,92.1,0,7,High,ODI,7
26,All-rounder,Aggressive,22.3,0,9,61,0.0,325.1,0,9,Medium,Test,29
32,Batsman,Aggressive,23.2,3,8,31,137.6,416.3,1,6,Low,ODI,64
32,All-rounder,Numb,24.5,2,10,37,136.6,404.0,1,4,Medium,Test,66
27,Batsman,Aggressive,20.8,1,6,85,69.3,288.1,0,7,Medium,ODI,36
30,Batsman,Smooth,22.6,2,5,93,102.6,264.8,0,5,Low,ODI,41
36,Batsman,Aggressive,19.0,1,3,98,67.7,120.6,2,6,High,T20,27
24,Bowler,Smooth,22.6,3,7,12,169.0,243.5,1,3,Low,T20,53
34,Wicket-keeper,Aggressive,23.3,3,8,36,144.3,343.4,0,4,High,T20,59
37,Batsman,Numb,24.1,0,5,87,0.0,263.5,0,9,High,ODI,24
21,Batsman,Smooth,24.1,1,10,90,59.8,501.1,1,8,Medium,Test,61
22,Bowler,Aggressive,25.8,2,9,2,139.3,284.8,0,5,High,Test,53
24,Batsman,Aggressive,19.7,3,7,60,143.9,331.2,0,4,Medium,T20,55
30,All-rounder,Aggressive,19.8,2,5,114,120.3,221.5,0,7,Low,T20,38
32,All-rounder,Smooth,24.8,0,8,53,0.0,421.5,0,7,Medium,T20,39
28,Wicket-keeper,Aggressive,18.4,1,3,89,43.4,99.2,0,8,Low,T20,12
21,Batsman,Smooth,24.0,1,8,64,40.1,346.8,0,7,Low,ODI,38
30,Bowler,Aggressive,20.5,3,6,15,210.0,311.9,1,5,Medium,Test,68
24,All-rounder,Aggressive,27.4,1,7,70,64.1,281.8,0,6,Low,Test,37
36,Bowler,Smooth,24.1,3,11,6,190.8,462.5,0,4,Low,ODI,77
39,Bowler,Smooth,23.0,0,5,11,0.0,158.8,0,7,Medium,Test,13
19,All-rounder,Aggressive,26.6,1,7,34,49.0,258.7,1,8,High,ODI,34
27,Bowler,Aggressive,20.8,3,8,10,133.6,304.9,1,5,Low,T20,53
30,All-rounder,Aggressive,21.3,2,7,89,97.1,375.4,0,6,Low,ODI,51
38,Bowler,Smooth,20.3,3,9,0,153.8,333.6,1,3,Low,ODI,60
23,All-rounder,Smooth,21.3,1,9,51,62.7,373.7,0,5,Medium,ODI,46
29,Batsman,Smooth,23.7,0,9,86,0.0,421.0,2,7,Low,T20,44
29,Wicket-keeper,Smooth,24.7,1,7,22,42.3,238.4,0,8,Medium,T20,26
37,All-rounder,Smooth,25.9,1,4,105,40.5,168.6,1,6,Low,T20,22
28,All-rounder,Smooth,18.9,3,10,105,129.2,484.6,0,5,Low,Test,70
24,Wicket-keeper,Numb,23.1,2,9,93,104.6,465.0,0,5,High,T20,64
18,All-rounder,Aggressive,20.7,1,7,70,68.0,319.6,2,6,Low,ODI,45
18,All-rounder,Aggressive,23.0,2,5,86,118.2,233.6,0,6,Medium,ODI,40
37,Bowler,Aggressive,29.3,3,12,15,192.2,397.9,0,5,Low,T20,69
30,Wicket-keeper,Aggressive,24.2,2,9,112,108.0,482.8,0,6,Medium,ODI,64
26,Batsman,Smooth,25.7,3,6,67,152.5,199.9,1,5,Medium,Test,47
20,All-rounder,Numb,28.4,0,9,36,0.0,444.3,1,6,Low,T20,44
24,Wicket-keeper,Aggressive,26.3,2,5,26,132.6,183.1,0,7,Low,Test,38
23,Bowler,Aggressive,22.4,2,7,19,127.0,373.4,1,7,Low,T20,57
25,Batsman,Smooth,20.3,0,7,85,0.0,336.0,0,8,Medium,T20,29
26,Wicket-keeper,Numb,23.4,2,11,23,110.7,537.3,0,7,Medium,Test,71
22,Batsman,Aggressive,22.1,0,7,29,0.0,248.3,1,9,Medium,Test,24
18,Batsman,Smooth,19.7,1,6,107,58.8,246.5,0,8,Medium,Test,31
36,Batsman,Aggressive,24.1,3,9,36,205.2,409.0,0,6,Low,ODI,72
27,All-rounder,Aggressive,24.2,0,5,71,0.0,246.2,0,8,Low,Test,22
29,All-rounder,Numb,27.9,2,9,25,112.4,293.4,1,5,Low,Test,50
32,Bowler,Numb,22.6,0,7,17,0.0,378.4,0,7,Low,Test,36
39,Bowler,Aggressive,24.2,2,10,14,83.8,522.6,1,5,Low,ODI,67
26,Wicket-keeper,Numb,21.8,1,10,115,45.6,367.6,1,5,Medium,T20,45
37,Bowler,Smooth,25.7,0,6,5,0.0,303.4,0,9,Medium,Test,27
34,Batsman,Numb,23.2,1,6,28,62.3,257.7,1,7,High,T20,37
34,Batsman,Smooth,20.6,3,12,110,185.1,498.5,0,5,Low,ODI,79
37,All-rounder,Smooth,23.5,2,4,96,88.2,151.4,0,4,Medium,T20,27
29,Batsman,Smooth,24.5,2,11,102,130.2,489.8,1,6,High,ODI,73
24,Wicket-keeper,Smooth,24.1,1,3,40,44.6,144.7,2,6,Medium,T20,23
19,Batsman,Aggressive,26.1,3,9,43,147.1,362.5,0,3,Low,T20,60
20,Batsman,Aggressive,19.9,0,5,23,0.0,228.7,0,8,Low,Test,20
34,Wicket-keeper,Aggressive,21.4,0,5,43,0.0,237.4,0,6,Low,T20,20
22,Bowler,Smooth,25.1,2,5,8,95.3,238.9,0,4,Low,ODI,38
34,Bowler,Aggressive,21.7,1,8,1,54.7,250.4,0,7,Medium,T20,30
34,Wicket-keeper,Smooth,24.1,1,5,22,52.2,257.5,0,6,Low,T20,31
34,All-rounder,Numb,17.5,0,8,87,0.0,331.7,1,8,Low,T20,31
19,Batsman,Aggressive,30.3,3,12,59,125.0,438.7,0,6,Medium,ODI,62
19,Wicket-keeper,Smooth,22.8,3,9,67,132.8,324.4,0,6,Medium,T20,51
39,Batsman,Aggressive,26.5,0,4,73,0.0,168.3,1,8,Medium,Test,16
22,All-rounder,Numb,22.7,0,9,54,0.0,469.5,1,7,Medium,T20,46
18,Batsman,Aggressive,24.5,1,5,114,41.6,197.3,0,8,Low,T20,22
18,Wicket-keeper,Smooth,27.2,3,9,75,195.3,438.7,0,6,Low,T20,74
36,Batsman,Smooth,26.4,0,5,108,0.0,162.1,0,8,Low,T20,11
19,Bowler,Numb,23.0,0,6,1,0.0,251.4,0,8,Medium,ODI,21
38,All-rounder,Smooth,23.2,2,11,96,113.7,602.7,0,6,High,Test,81
29,All-rounder,Smooth,26.0,0,4,87,0.0,197.0,1,6,Low,ODI,19
23,All-rounder,Smooth,29.3,0,7,65,0.0,246.8,0,6,Medium,T20,21
21,Wicket-keeper,Numb,24.0,3,11,97,148.7,467.9,0,3,Low,T20,71
28,All-rounder,Smooth,28.4,1,9,32,57.8,322.6,0,7,Medium,T20,38
34,Bowler,Aggressive,22.9,3,10,1,138.9,402.4,0,4,Low,Test,63
23,Wicket-keeper,Numb,25.9,1,8,25,43.5,396.0,0,8,Low,T20,43
22,Bowler,Smooth,26.3,2,7,4,138.2,345.0,2,4,High,ODI,63
37,Batsman,Smooth,22.5,0,9,55,0.0,321.3,0,7,Medium,T20,28
19,Batsman,Aggressive,21.6,2,4,118,128.2,212.2,0,6,Medium,T20,39
23,Batsman,Smooth,26.4,1,7,100,63.6,313.7,0,5,Low,T20,39
39,Batsman,Aggressive,22.2,3,11,21,146.7,434.5,1,5,Low,T20,68
28,Bowler,Smooth,21.3,3,10,15,132.2,425.5,0,4,Low,ODI,63
33,Wicket-keeper,Aggressive,21.8,2,8,71,88.7,361.0,0,4,High,T20,52
33,Wicket-keeper,Smooth,22.2,1,9,85,60.9,396.0,1,5,High,ODI,52
18,All-rounder,Numb,25.6,2,9,71,118.6,379.4,0,4,Medium,T20,56
26,Bowler,Aggressive,24.8,2,11,16,127.0,468.9,0,4,Low,Test,68
23,Batsman,Numb,25.3,0,8,62,0.0,275.3,0,7,High,T20,26
33,Bowler,Aggressive,24.6,2,7,1,121.5,352.2,0,4,Medium,Test,55
20,All-rounder,Numb,22.0,0,2,41,0.0,87.1,0,9,Medium,Test,5
37,All-rounder,Smooth,25.2,0,2,74,0.0,66.6,1,9,Low,Test,5
21,Bowler,Smooth,26.5,3,10,1,195.8,491.5,0,5,Medium,T20,80
36,Bowler,Smooth,25.0,0,8,5,0.0,426.5,0,6,Medium,ODI,40
20,Bowler,Numb,24.6,0,5,16,0.0,268.4,0,9,High,T20,24
36,Wicket-keeper,Aggressive,21.6,3,6,77,183.3,235.4,0,6,Medium,T20,51
37,Batsman,Aggressive,24.0,2,8,31,104.2,267.1,0,7,Low,T20,40
24,Bowler,Smooth,21.4,1,7,4,67.6,300.7,1,6,Medium,T20,41
37,Bowler,Smooth,23.4,1,5,19,59.5,164.1,0,5,High,Test,27
26,Bowler,Smooth,19.4,1,6,15,42.7,320.1,1,6,Low,T20,38
18,All-rounder,Smooth,19.4,2,10,58,136.9,345.9,0,5,Low,ODI,55
25,All-rounder,Aggressive,23.0,0,9,32,0.0,326.9,0,9,Low,ODI,28
24,Wicket-keeper,Smooth,22.1,1,10,60,50.1,401.7,0,8,Medium,ODI,44
35,Batsman,Aggressive,23.8,2,6,76,104.1,237.5,0,6,Low,ODI,38
25,Wicket-keeper,Smooth,23.2,0,7,72,0.0,349.1,0,6,Medium,T20,32
18,Batsman,Aggressive,23.6,3,11,31,164.7,455.5,0,3,Low,ODI,72
28,All-rounder,Aggressive,25.0,1,5,32,43.7,171.3,1,8,High,T20,24
35,All-rounder,Aggressive,22.3,0,2,93,0.0,73.4,0,9,Low,Test,3
27,All-rounder,Aggressive,23.0,1,7,116,50.5,299.1,0,5,Low,ODI,36
20,Wicket-keeper,Smooth,27.1,1,9,76,63.2,303.2,0,7,Medium,Test,39
24,Bowler,Aggressive,23.5,1,5,3,64.1,226.5,0,8,Medium,T20,29
33,Bowler,Aggressive,23.1,0,2,1,0.0,88.3,0,8,Low,T20,4
33,All-rounder,Aggressive,23.7,2,7,64,102.0,335.1,0,5,Low,T20,48
37,Bowler,Aggressive,23.1,0,4,13,0.0,213.8,0,9,Low,T20,16
34,Bowler,Aggressive,21.7,1,8,0,44.5,422.5,1,6,Medium,T20,49
19,Wicket-keeper,Aggressive,21.0,0,7,24,0.0,375.6,1,9,Medium,ODI,35
18,Batsman,Smooth,21.6,3,10,109,183.7,361.2,0,4,Medium,T20,65
33,All-rounder,Smooth,25.7,2,10,30,91.4,332.9,0,7,Medium,ODI,45
29,All-rounder,Smooth,21.9,0,9,90,0.0,338.0,1,8,Medium,Test,34
22,Wicket-keeper,Smooth,23.1,3,12,75,129.5,628.5,0,5,Low,ODI,83
22,Wicket-keeper,Aggressive,25.3,2,8,29,117.7,434.4,0,6,High,T20,63
26,Bowler,Numb,22.8,3,7,3,130.9,360.4,0,4,High,T20,59
26,All-rounder,Smooth,25.1,2,7,86,139.2,229.3,0,6,Low,T20,43
20,Batsman,Smooth,19.6,0,4,91,0.0,214.7,0,7,Low,T20,17
36,Wicket-keeper,Aggressive,23.2,3,9,50,155.1,365.3,0,6,Low,ODI,59
33,Batsman,Aggressive,23.7,1,3,94,57.4,90.7,0,6,Low,T20,15
33,Batsman,Aggressive,23.6,3,9,90,202.0,369.5,0,6,Medium,Test,69
20,All-rounder,Aggressive,19.4,2,9,85,113.2,280.4,1,4,Medium,ODI,47
37,All-rounder,Smooth,26.5,0,8,89,0.0,348.8,0,6,Medium,ODI,32
39,Wicket-keeper,Smooth,21.4,2,4,60,102.7,153.9,0,4,Medium,T20,30
18,All-rounder,Smooth,24.3,3,11,82,195.9,460.2,0,4,Medium,T20,77
37,All-rounder,Smooth,23.5,3,10,51,178.0,453.3,1,3,Medium,ODI,77
28,All-rounder,Smooth,26.0,1,4,39,59.5,206.9,1,5,Low,T20,30
34,Batsman,Smooth,29.0,0,6,76,0.0,279.3,0,6,Low,T20,25
25,Wicket-keeper,Numb,20.3,0,6,117,0.0,245.1,0,9,Medium,T20,19
21,Bowler,Aggressive,21.9,3,8,17,202.8,403.9,1,5,Low,T20,74
23,Batsman,Aggressive,24.0,0,4,99,0.0,210.6,1,7,Low,ODI,19
25,All-rounder,Aggressive,20.7,1,3,44,56.3,99.0,0,5,High,T20,18
37,Batsman,Smooth,25.5,2,11,31,124.4,476.3,0,7,Medium,ODI,65
20,All-rounder,Numb,25.6,0,8,90,0.0,296.9,0,8,Low,T20,25
33,All-rounder,Aggressive,24.9,3,5,58,174.6,155.9,1,5,Medium,ODI,44
20,Batsman,Numb,24.1,2,7,36,90.0,327.0,0,6,Medium,Test,46
35,Wicket-keeper,Aggressive,26.9,2,7,64,127.8,361.0,0,7,Low,Test,55
31,All-rounder,Numb,20.6,1,9,30,61.6,306.7,1,5,Low,T20,41
35,Wicket-keeper,Aggressive,23.7,3,12,89,127.8,603.7,1,5,High,T20,85
19,Bowler,Aggressive,21.7,0,4,18,0.0,205.3,1,9,Low,T20,18
39,All-rounder,Smooth,25.7,3,11,110,135.7,581.4,2,6,Low,ODI,83
20,Wicket-keeper,Aggressive,18.9,2,10,89,100.2,366.3,0,5,Medium,ODI,51
33,Wicket-keeper,Aggressive,23.4,3,10,57,121.6,526.0,0,6,Medium,ODI,70
26,Bowler,Aggressive,24.3,0,9,6,0.0,342.1,0,8,Low,T20,30
21,Wicket-keeper,Smooth,21.1,0,4,105,0.0,175.2,1,8,Low,ODI,15
18,Wicket-keeper,Smooth,21.9,1,7,103,58.6,218.8,0,8,Low,T20,27
21,Bowler,Aggressive,23.5,0,7,6,0.0,217.7,2,8,High,ODI,25
18,All-rounder,Smooth,25.9,0,3,98,0.0,144.0,0,9,Low,T20,9
31,Wicket-keeper,Smooth,20.9,3,12,112,139.4,493.3,1,5,Medium,ODI,73
38,Wicket-keeper,Aggressive,21.4,3,7,91,130.8,254.9,0,4,High,T20,48
33,Wicket-keeper,Aggressive,26.3,2,7,56,131.1,243.3,0,4,Low,T20,44
37,Batsman,Aggressive,22.8,1,8,68,44.7,374.0,1,6,High,ODI,47
25,Bowler,Aggressive,21.6,3,7,16,207.7,210.1,0,4,High,T20,56
24,Batsman,Smooth,25.3,0,2,52,0.0,100.3,1,6,High,ODI,11
20,Bowler,Aggressive,22.3,2,10,17,110.1,319.8,0,6,Low,ODI,47
34,All-rounder,Smooth,26.1,3,6,24,208.3,208.7,1,3,Medium,ODI,56
18,All-rounder,Smooth,21.8,1,7,37,42.9,277.6,0,8,Medium,T20,30
33,Wicket-keeper,Aggressive,23.1,1,9,57,49.1,379.1,0,5,High,T20,46
29,Bowler,Smooth,25.9,2,4,14,118.3,155.5,1,5,Low,ODI,35
36,All-rounder,Aggressive,22.9,2,4,113,101.0,152.1,0,4,Medium,T20,30
39,Bowler,Numb,25.4,2,5,9,135.7,270.5,0,6,Low,ODI,46
39,All-rounder,Smooth,23.3,2,8,83,83.9,368.3,0,5,Low,T20,48
31,Batsman,Smooth,28.5,2,7,29,113.0,214.1,0,7,Medium,T20,36
23,All-rounder,Smooth,27.4,0,7,98,0.0,285.3,0,8,Medium,T20,24
23,Batsman,Aggressive,20.2,0,9,61,0.0,466.9,1,7,Medium,T20,46
30,All-rounder,Smooth,24.8,3,9,67,143.0,337.8,0,6,Medium,T20,54
36,Wicket-keeper,Numb,21.5,1,10,63,50.9,323.6,0,7,High,ODI,40
39,Batsman,Smooth,24.0,0,4,101,0.0,195.8,0,9,Low,ODI,14
25,All-rounder,Smooth,23.7,0,2,106,0.0,90.3,0,6,Medium,T20,5
19,Wicket-keeper,Numb,20.9,0,4,116,0.0,177.0,0,6,Low,Test,16
38,Batsman,Aggressive,26.1,3,8,35,170.6,250.7,2,6,Low,ODI,55
18,Wicket-keeper,Aggressive,24.0,2,6,73,125.7,201.1,1,4,Medium,Test,43
32,Bowler,Smooth,22.8,3,9,18,184.2,410.1,0,6,High,ODI,71
18,Bowler,Aggressive,22.4,1,5,2,46.2,176.0,0,7,Medium,ODI,21
22,Batsman,Smooth,23.8,1,6,47,57.1,255.6,1,6,Medium,T20,34
33,All-rounder,Numb,24.5,1,6,21,66.0,261.7,0,8,Low,T20,33
36,Batsman,Aggressive,23.2,1,6,113,53.0,222.5,0,6,Low,T20,28
21,Wicket-keeper,Aggressive,16.4,0,6,32,0.0,322.3,0,7,Medium,ODI,29
20,All-rounder,Smooth,23.5,0,5,60,0.0,255.3,0,9,Low,T20,20
34,Bowler,Aggressive,19.9,3,5,1,132.9,240.3,2,3,Low,ODI,50
34,All-rounder,Smooth,23.0,2,10,78,103.4,319.5,1,6,Medium,T20,48
29,Bowler,Aggressive,20.0,1,6,15,68.6,195.9,0,6,Low,Test,29
31,All-rounder,Smooth,20.0,3,7,111,148.8,296.2,0,5,Low,T20,52
38,All-rounder,Aggressive,26.6,0,7,72,0.0,238.1,1,7,Medium,T20,22
23,All-rounder,Smooth,22.7,0,4,64,0.0,217.8,1,9,Medium,T20,19
20,Wicket-keeper,Smooth,22.5,2,9,39,101.0,305.7,0,4,High,T20,48
26,Wicket-keeper,Smooth,24.7,2,6,43,85.0,253.1,1,6,Medium,T20,39
22,Batsman,Aggressive,22.6,2,8,80,123.5,312.8,0,5,Medium,ODI,49
34,Batsman,Smooth,28.8,3,7,110,148.0,321.9,1,6,High,T20,59
31,Bowler,Numb,22.8,0,6,18,0.0,199.4,1,9,Medium,T20,17
38,Wicket-keeper,Aggressive,24.4,0,6,77,0.0,244.5,0,7,Low,Test,22
20,Bowler,Aggressive,25.9,2,7,1,109.1,258.1,1,5,Low,T20,44
18,Batsman,Aggressive,27.5,1,3,45,63.3,156.6,0,6,Medium,Test,24
37,Bowler,Smooth,21.6,2,9,17,102.9,279.1,0,4,Medium,Test,45
38,Batsman,Smooth,22.5,3,8,61,159.9,422.7,0,4,Medium,T20,67
18,Wicket-keeper,Smooth,26.7,2,7,66,102.6,355.8,0,5,Medium,T20,50
20,All-rounder,Aggressive,25.5,2,10,72,102.0,374.4,0,4,Medium,T20,53
35,Wicket-keeper,Aggressive,26.2,3,9,78,167.3,447.6,0,6,High,ODI,72
27,Bowler,Smooth,20.1,2,8,0,128.5,246.2,0,5,Medium,ODI,43
39,Bowler,Smooth,27.4,0,7,18,0.0,379.2,0,8,Low,ODI,34
20,Wicket-keeper,Numb,21.6,1,5,106,55.7,215.8,0,8,High,ODI,29
25,Wicket-keeper,Aggressive,24.0,2,6,111,120.2,225.5,0,6,Low,T20,39
31,Batsman,Smooth,23.1,3,12,117,144.2,468.8,0,4,Medium,Test,71
35,Bowler,Aggressive,21.3,1,6,7,48.3,190.0,0,5,High,ODI,27
32,Bowler,Aggressive,20.0,3,12,15,204.0,656.8,0,3,Medium,ODI,100
39,Wicket-keeper,Smooth,19.1,1,4,115,61.7,123.9,1,5,Medium,Test,24
19,All-rounder,Smooth,23.8,1,4,45,57.3,185.5,1,6,Medium,ODI,27
27,Bowler,Numb,19.7,2,11,9,118.9,451.8,1,5,Low,T20,65
19,All-rounder,Aggressive,20.7,0,4,114,0.0,214.9,0,8,Low,T20,17
34,Wicket-keeper,Aggressive,23.0,2,5,38,117.1,180.7,0,4,Medium,T20,35
25,Wicket-keeper,Smooth,16.9,3,11,28,165.9,476.3,1,4,Medium,T20,76
18,Batsman,Smooth,25.4,3,7,83,169.1,294.4,0,6,Medium,Test,56
26,Bowler,Aggressive,17.5,1,7,6,50.8,333.0,0,6,Low,T20,39
28,All-rounder,Aggressive,23.3,1,6,73,42.4,190.2,0,6,Medium,ODI,23
39,Batsman,Aggressive,23.5,0,2,70,0.0,69.7,1,9,Medium,ODI,4
33,Bowler,Numb,24.8,2,7,1,137.0,247.5,0,4,Medium,T20,45
24,Batsman,Aggressive,23.4,3,12,23,156.8,581.4,1,6,Medium,Test,86
27,Wicket-keeper,Aggressive,28.5,1,5,22,54.0,173.6,1,5,Medium,Test,27
20,Bowler,Aggressive,24.0,0,9,3,0.0,399.0,0,9,Medium,ODI,35
35,Batsman,Aggressive,26.1,3,11,48,123.4,389.2,1,5,Medium,T20,60
30,Batsman,Aggressive,21.7,1,5,30,61.5,257.7,0,5,High,T20,36
24,All-rounder,Smooth,23.8,3,8,116,168.4,428.4,1,4,Low,T20,72
21,Batsman,Aggressive,27.4,0,8,77,0.0,343.7,0,8,High,T20,33
30,Bowler,Smooth,22.9,0,8,18,0.0,310.5,1,6,Low,ODI,30
37,Bowler,Aggressive,24.0,3,11,1,187.0,394.4,0,3,Low,Test,71
18,All-rounder,Smooth,26.0,2,9,116,90.1,281.2,1,4,High,ODI,46
25,Bowler,Numb,21.6,3,7,17,137.1,257.0,0,6,Low,Test,47
31,Wicket-keeper,Smooth,18.1,1,4,58,53.8,185.4,0,5,Medium,ODI,25
33,Bowler,Smooth,24.1,2,5,4,97.2,216.7,1,5,High,T20,40
31,Bowler,Aggressive,26.0,1,5,11,47.4,268.0,1,5,High,Test,39
29,Batsman,Aggressive,20.1,3,7,85,178.1,279.3,0,4,High,T20,58
36,Batsman,Smooth,25.2,2,9,110,119.1,426.1,0,5,Low,Test,62
32,Bowler,Numb,25.2,1,4,19,64.7,168.9,0,6,Medium,T20,24
19,All-rounder,Smooth,17.8,3,7,94,157.6,299.7,2,5,Low,T20,59
19,Batsman,Smooth,21.2,3,7,101,126.6,256.9,1,4,Medium,Test,49
39,All-rounder,Smooth,22.5,2,11,84,96.4,455.1,1,7,High,ODI,63
36,Bowler,Smooth,23.1,3,10,18,208.2,417.7,0,3,Low,Test,77
39,Bowler,Aggressive,21.6,0,7,17,0.0,333.7,0,9,Medium,Test,30
39,Wicket-keeper,Smooth,21.5,1,6,54,61.3,321.1,1,7,Medium,T20,41
34,Batsman,Numb,27.7,1,8,50,40.2,305.9,1,5,Medium,ODI,37
37,Bowler,Aggressive,23.2,3,5,0,166.6,155.3,0,4,High,T20,43
27,Wicket-keeper,Smooth,21.8,3,6,20,123.4,254.4,1,3,Low,ODI,47
23,Batsman,Aggressive,23.4,0,5,44,0.0,218.1,0,8,Medium,ODI,17
32,Bowler,Smooth,24.8,2,4,14,135.2,136.8,0,6,High,T20,35
39,Bowler,Aggressive,23.6,3,7,11,207.2,343.1,0,6,Medium,ODI,66
28,Batsman,Smooth,23.0,3,12,86,168.6,655.5,0,3,Low,ODI,93
22,Batsman,Smooth,21.9,3,12,82,161.2,643.7,0,3,Medium,T20,91
18,Batsman,Aggressive,21.8,3,7,70,205.1,244.5,0,3,Low,Test,59
25,Bowler,Smooth,22.0,1,6,12,60.2,311.3,0,8,Low,ODI,37
38,Bowler,Smooth,24.3,3,10,4,125.8,476.1,1,5,High,Test,73
29,Wicket-keeper,Numb,21.0,1,9,83,54.0,372.1,0,6,Medium,T20,43
29,All-rounder,Aggressive,24.5,3,12,93,141.6,522.2,0,3,High,T20,78
22,Batsman,Aggressive,27.0,2,10,88,108.2,512.4,0,7,High,ODI,69
24,Bowler,Aggressive,24.3,0,4,5,0.0,168.0,0,9,Medium,T20,11
21,Bowler,Numb,22.6,2,10,15,114.9,393.3,1,5,Low,Test,60
23,Batsman,Numb,20.3,3,9,53,152.1,381.0,0,5,Medium,T20,61
30,All-rounder,Smooth,27.4,3,8,79,134.8,355.8,1,3,Low,ODI,59
37,Batsman,Smooth,20.6,3,5,80,165.3,173.6,0,3,High,ODI,46
32,All-rounder,Smooth,25.6,2,7,50,129.8,367.7,0,7,Low,T20,55
20,Bowler,Smooth,25.1,3,6,1,179.8,281.1,0,5,Low,T20,55
25,All-rounder,Aggressive,22.9,2,9,95,100.3,412.5,0,4,Medium,ODI,56
37,Wicket-keeper,Smooth,22.8,1,8,55,68.1,259.9,0,6,Low,ODI,34
33,Bowler,Aggressive,18.9,0,5,8,0.0,225.5,1,8,Low,T20,20
30,Wicket-keeper,Smooth,24.3,0,4,68,0.0,132.1,0,8,Medium,Test,10
35,Batsman,Smooth,25.0,2,6,89,82.4,191.8,0,7,Low,T20,29
27,Batsman,Smooth,20.8,1,7,68,62.2,302.3,0,8,Low,T20,36
36,Batsman,Aggressive,23.1,2,8,22,129.7,320.6,0,4,Low,ODI,52
34,All-rounder,Aggressive,23.6,1,8,93,69.0,357.8,0,8,Medium,T20,43
36,Bowler,Aggressive,25.0,3,9,8,200.1,290.1,0,5,Medium,Test,61
22,Batsman,Aggressive,23.5,1,10,109,58.0,407.7,0,5,Medium,T20,48
38,Batsman,Aggressive,19.4,1,10,80,55.9,343.7,0,5,Medium,T20,41
26,Bowler,Numb,22.2,1,3,19,40.8,164.0,1,7,Low,T20,21
29,Batsman,Smooth,24.1,0,6,109,0.0,264.2,1,6,High,ODI,28
38,Wicket-keeper,Aggressive,25.6,1,3,45,53.8,141.6,0,6,Low,ODI,19
18,Bowler,Aggressive,22.0,3,9,9,176.6,343.2,0,4,Medium,ODI,62
18,Bowler,Aggressive,29.0,3,10,6,170.2,323.7,2,3,High,T20,67
32,Bowler,Smooth,18.8,3,10,1,186.8,544.0,0,6,High,T20,86
19,Wicket-keeper,Smooth,22.1,1,3,35,48.4,111.5,0,6,Low,Test,17
39,Bowler,Numb,23.3,2,7,16,113.9,284.2,0,4,Low,T20,45
33,Wicket-keeper,Smooth,23.0,2,9,35,85.3,416.2,0,5,Medium,Test,55
25,Bowler,Numb,20.4,3,8,9,157.2,244.9,0,6,Low,T20,47
30,All-rounder,Numb,24.6,0,4,22,0.0,201.0,1,8,High,Test,22
38,Batsman,Aggressive,24.4,2,11,71,121.6,477.6,1,4,Medium,T20,69
18,All-rounder,Numb,23.6,1,3,66,69.7,110.9,1,5,Medium,ODI,22
33,Batsman,Aggressive,24.3,2,10,114,96.7,315.4,1,4,Low,T20,48
24,Wicket-keeper,Smooth,22.4,3,10,32,164.8,340.6,0,3,Medium,T20,60
22,All-rounder,Aggressive,19.5,0,3,99,0.0,157.1,0,6,Medium,T20,12
39,Bowler,Numb,21.7,2,6,8,106.4,282.9,1,4,High,T20,49
20,Batsman,Numb,23.9,2,7,40,131.4,253.7,1,7,Low,T20,46
29,Batsman,Smooth,23.9,3,10,85,181.6,316.4,0,5,Low,ODI,59
33,All-rounder,Smooth,23.6,0,2,73,0.0,94.5,1,9,Low,ODI,6
36,Wicket-keeper,Aggressive,24.9,0,8,46,0.0,354.5,0,9,Low,ODI,31
22,All-rounder,Aggressive,22.0,3,9,57,198.6,361.0,0,5,Medium,ODI,67
39,Wicket-keeper,Aggressive,23.6,1,9,109,41.8,351.8,0,8,High,ODI,40
31,Wicket-keeper,Aggressive,24.9,2,5,77,133.3,177.1,0,5,Low,T20,37
22,Batsman,Smooth,23.3,1,6,81,49.9,280.4,0,8,High,T20,34
32,All-rounder,Aggressive,20.4,2,6,65,98.9,325.6,0,4,Low,T20,47
34,All-rounder,Numb,21.1,2,10,108,110.7,343.9,0,5,Low,Test,52
31,Wicket-keeper,Smooth,25.6,1,3,30,68.2,134.8,0,6,Low,T20,21
37,All-rounder,Smooth,27.0,3,6,91,124.3,243.6,0,5,Low,T20,42
22,Bowler,Aggressive,26.4,3,5,9,151.7,205.8,2,6,High,ODI,50
29,Bowler,Numb,24.1,2,9,4,131.4,327.2,0,7,Low,T20,51
33,All-rounder,Numb,20.5,3,9,90,155.6,455.7,0,4,Medium,Test,72
33,All-rounder,Smooth,23.5,2,6,83,91.9,252.8,0,7,Medium,Test,38
38,Wicket-keeper,Smooth,27.4,3,5,40,158.2,217.9,0,6,High,T20,47
24,Bowler,Smooth,25.0,2,7,8,103.1,263.3,1,6,Low,T20,43
21,Bowler,Aggressive,23.0,3,10,12,202.4,345.5,0,4,Low,T20,66
18,Batsman,Smooth,25.1,0,7,104,0.0,225.0,1,6,Low,ODI,22
22,Wicket-keeper,Aggressive,20.3,1,5,83,55.2,239.3,0,6,Medium,T20,30
27,Batsman,Aggressive,21.8,0,7,39,0.0,244.3,0,8,Low,ODI,20
39,Bowler,Aggressive,20.8,1,6,16,54.0,283.5,0,7,High,ODI,36
22,Wicket-keeper,Aggressive,24.7,1,3,77,41.7,119.3,0,7,Medium,T20,14
21,All-rounder,Aggressive,25.3,2,6,65,95.7,242.4,0,7,Medium,T20,36
19,Wicket-keeper,Aggressive,23.1,1,10,50,53.1,417.3,0,6,Medium,ODI,48
37,All-rounder,Numb,21.3,0,7,112,0.0,274.3,0,9,Low,T20,22
27,All-rounder,Smooth,23.5,0,7,28,0.0,227.6,0,9,Medium,Test,19
36,Wicket-keeper,Numb,22.3,3,8,34,189.0,301.9,2,4,High,T20,67
18,All-rounder,Aggressive,21.5,0,6,113,0.0,279.6,0,8,High,ODI,26
22,Batsman,Aggressive,24.3,3,9,45,173.2,419.8,0,3,High,Test,74
30,Bowler,Smooth,21.6,1,9,7,61.6,334.4,0,5,High,Test,45
21,All-rounder,Aggressive,19.6,0,7,48,0.0,290.5,0,7,Low,T20,25
33,Batsman,Aggressive,20.1,1,10,99,66.4,348.4,0,6,Low,T20,43
33,All-rounder,Smooth,19.5,0,2,55,0.0,70.5,1,8,Low,ODI,4
19,Bowler,Aggressive,24.1,0,4,12,0.0,122.3,2,7,Low,T20,13
34,Batsman,Smooth,23.9,3,10,56,170.6,524.2,0,4,Low,T20,80
37,Bowler,Smooth,23.8,1,4,17,56.6,141.1,0,7,Medium,Test,21
29,Bowler,Aggressive,25.0,0,4,9,0.0,142.8,0,8,Medium,T20,9
35,Batsman,Aggressive,26.5,2,10,42,87.6,369.9,1,7,High,T20,53
20,Batsman,Smooth,22.0,1,7,60,55.9,232.3,0,6,Medium,T20,29
18,Batsman,Smooth,24.5,1,10,112,48.1,459.8,0,5,High,ODI,54
18,Wicket-keeper,Aggressive,19.6,1,8,99,40.6,255.0,0,6,Low,ODI,29
36,Batsman,Numb,26.9,3,8,47,185.1,266.8,1,3,Low,T20,58
28,Batsman,Aggressive,20.4,2,5,67,81.9,230.6,0,4,Medium,T20,34
22,Batsman,Smooth,21.7,1,8,57,57.9,307.9,0,5,Low,T20,38
29,Batsman,Numb,22.0,0,9,50,0.0,429.3,1,9,Low,ODI,41
20,All-rounder,Aggressive,19.7,0,8,33,0.0,351.5,0,8,Low,T20,31
18,Wicket-keeper,Aggressive,23.6,3,5,116,163.6,182.0,1,5,Low,Test,47
18,Bowler,Aggressive,24.0,0,3,17,0.0,138.8,0,9,Medium,T20,8
25,Batsman,Aggressive,23.0,1,9,110,56.6,296.2,1,7,Medium,Test,39
27,All-rounder,Aggressive,19.6,0,7,107,0.0,303.9,1,9,Medium,T20,28
28,All-rounder,Smooth,28.5,1,3,96,69.9,122.8,0,6,Medium,ODI,20
29,All-rounder,Aggressive,24.9,0,3,109,0.0,110.1,1,9,Low,T20,8
30,Bowler,Smooth,30.1,2,4,8,99.2,180.4,0,6,Low,T20,31
29,Batsman,Numb,21.5,3,5,70,201.6,258.9,1,5,Low,Test,61
31,Wicket-keeper,Smooth,25.9,3,6,68,137.2,329.8,0,4,Low,Test,56
19,Wicket-keeper,Smooth,25.4,2,5,62,116.9,226.0,1,7,Medium,T20,40
36,All-rounder,Aggressive,22.8,2,4,111,104.3,160.5,0,5,Medium,ODI,30
35,Bowler,Smooth,27.0,3,11,18,123.7,391.9,1,3,Medium,ODI,61
20,Bowler,Smooth,22.5,2,11,19,100.8,400.7,0,7,Low,Test,55
34,Bowler,Aggressive,22.6,1,7,13,48.0,293.9,2,6,Medium,T20,39
25,Wicket-keeper,Aggressive,16.0,0,3,112,0.0,117.5,1,7,Medium,ODI,10
27,All-rounder,Numb,24.5,3,10,24,205.4,528.5,0,5,Medium,T20,85
19,Batsman,Aggressive,20.2,2,6,61,96.1,235.2,1,7,Medium,T20,38
36,Wicket-keeper,Aggressive,22.1,1,6,26,64.3,236.0,2,5,Medium,Test,38
26,All-rounder,Aggressive,20.9,3,5,61,125.0,197.9,0,3,Medium,T20,39
24,All-rounder,Aggressive,22.6,2,4,55,112.3,203.7,0,7,Medium,T20,35
21,Batsman,Smooth,24.6,3,8,46,126.3,370.2,0,6,Low,ODI,55
38,Batsman,Smooth,23.5,2,8,77,136.0,362.8,0,5,Medium,ODI,57
35,Batsman,Smooth,25.3,3,8,65,189.0,306.8,0,5,Low,T20,60
30,Bowler,Aggressive,26.7,1,4,0,59.7,201.8,0,7,Low,T20,26
28,Batsman,Aggressive,22.6,1,6,44,64.7,185.8,0,7,High,Test,29
21,All-rounder,Smooth,22.3,0,2,92,0.0,103.5,0,9,High,T20,7
38,Batsman,Aggressive,25.9,3,8,46,207.2,342.5,0,5,Low,ODI,66
21,All-rounder,Aggressive,26.1,0,4,20,0.0,159.8,1,7,Medium,ODI,14
27,Wicket-keeper,Smooth,25.4,3,10,106,203.2,424.3,1,6,Low,T20,76
22,Bowler,Aggressive,21.1,2,5,2,111.0,233.4,0,7,Medium,Test,39
26,Wicket-keeper,Smooth,24.6,2,7,61,87.0,212.2,1,6,High,ODI,37
20,Wicket-keeper,Aggressive,23.8,0,2,71,0.0,103.6,1,6,High,T20,11
34,All-rounder,Aggressive,26.1,3,11,44,131.4,452.9,1,3,Medium,ODI,69
20,Wicket-keeper,Aggressive,22.1,0,7,73,0.0,270.0,0,7,Low,ODI,23
33,All-rounder,Numb,19.3,1,4,86,54.5,133.8,0,7,Medium,ODI,18
21,Batsman,Smooth,25.2,0,2,25,0.0,82.0,1,8,Low,Test,7
35,Batsman,Numb,17.1,0,6,77,0.0,254.4,1,9,High,T20,25
34,All-rounder,Smooth,21.7,2,6,89,91.7,240.5,1,7,High,T20,40
24,Batsman,Aggressive,20.9,0,9,72,0.0,422.7,1,8,Medium,T20,41
22,Bowler,Smooth,20.9,3,9,16,205.5,364.7,0,6,Low,T20,68
29,Wicket-keeper,Smooth,21.6,2,11,77,103.0,594.4,0,6,Low,T20,74
34,Bowler,Smooth,26.5,0,4,15,0.0,179.9,0,7,Low,Test,15
30,Wicket-keeper,Aggressive,25.6,1,6,106,61.4,301.1,0,8,High,ODI,38
20,Batsman,Smooth,22.9,0,3,21,0.0,98.2,1,8,Medium,ODI,7
26,Bowler,Aggressive,26.3,0,5,6,0.0,199.7,0,9,Low,ODI,15
34,Batsman,Aggressive,20.8,0,4,41,0.0,153.7,0,7,Medium,Test,13
34,Wicket-keeper,Smooth,20.5,2,6,56,93.1,265.4,1,7,High,T20,43
37,All-rounder,Smooth,25.7,3,7,39,206.9,360.7,0,5,Low,Test,70
33,All-rounder,Aggressive,24.9,1,10,43,43.9,319.6,2,8,High,T20,42
39,Bowler,Aggressive,22.3,0,7,6,0.0,222.7,2,9,High,Test,26
30,Batsman,Smooth,20.7,3,5,84,122.3,256.3,0,5,High,ODI,46
36,Batsman,Smooth,27.1,3,6,84,140.0,211.9,0,3,Low,T20,43
34,Bowler,Numb,19.2,2,7,10,126.8,327.0,0,7,Low,ODI,50
21,All-rounder,Numb,22.0,1,6,20,46.0,261.4,0,8,Low,ODI,29
29,Wicket-keeper,Smooth,24.1,2,8,113,84.8,406.6,0,5,Low,T20,53
26,Bowler,Aggressive,28.0,3,12,0,162.7,397.5,0,3,Low,ODI,66
36,Wicket-keeper,Smooth,24.5,3,7,65,120.9,232.7,2,4,Medium,T20,46
29,All-rounder,Aggressive,24.7,3,11,74,127.6,483.1,0,5,Medium,T20,68
26,Batsman,Aggressive,22.1,2,6,94,128.5,322.0,1,6,High,Test,57
24,All-rounder,Smooth,24.9,1,5,107,63.1,201.9,0,6,Low,ODI,27
31,Bowler,Aggressive,23.8,0,8,3,0.0,305.4,0,9,Medium,Test,27
37,Batsman,Numb,19.5,2,7,83,131.3,316.2,1,4,Medium,ODI,54
36,Bowler,Smooth,25.5,3,9,1,181.5,479.4,0,4,Medium,T20,77
32,Bowler,Smooth,25.9,2,4,13,83.1,203.7,0,5,High,ODI,34
33,All-rounder,Smooth,25.5,3,11,96,190.5,603.8,1,5,Medium,ODI,93
38,Bowler,Numb,23.6,0,9,16,0.0,275.1,1,9,High,Test,29
22,All-rounder,Smooth,21.1,0,7,43,0.0,229.8,1,6,Low,T20,22
20,Batsman,Smooth,17.7,1,4,93,55.3,180.9,0,6,Medium,Test,25
29,All-rounder,Aggressive,23.9,3,12,54,141.0,606.2,0,3,Low,Test,85
37,Batsman,Smooth,26.2,1,9,43,65.4,334.2,1,5,Low,ODI,44
38,All-rounder,Aggressive,26.0,1,3,47,61.8,107.9,1,6,Low,Test,21
21,Wicket-keeper,Smooth,25.5,0,5,119,0.0,248.4,0,6,Low,T20,22
38,Wicket-keeper,Smooth,23.3,2,9,99,89.3,282.7,1,6,Low,Test,44
33,Bowler,Smooth,26.2,2,9,15,93.5,353.1,0,7,Low,ODI,47
24,All-rounder,Aggressive,25.8,1,8,78,46.4,341.2,0,8,Low,T20,38
30,All-rounder,Aggressive,22.4,0,4,100,0.0,176.0,0,9,High,Test,16
38,Batsman,Smooth,25.2,3,6,73,136.8,289.3,0,5,Low,T20,49
27,Bowler,Aggressive,22.2,2,7,9,84.0,272.1,0,6,Medium,T20,38
24,All-rounder,Aggressive,24.9,1,6,35,70.0,271.9,0,7,Low,ODI,35
31,Bowler,Aggressive,20.3,2,9,14,81.5,401.7,0,7,High,T20,53
22,Wicket-keeper,Numb,20.4,2,7,117,130.1,305.8,1,4,High,T20,55
20,All-rounder,Smooth,26.1,3,6,30,152.9,276.1,1,5,Medium,Test,54
28,All-rounder,Aggressive,25.8,0,3,84,0.0,109.5,0,7,Medium,T20,6
28,Bowler,Aggressive,25.1,3,9,1,169.9,289.0,1,5,Low,T20,57
35,All-rounder,Aggressive,23.7,0,8,109,0.0,263.9,0,7,High,T20,25
32,Bowler,Smooth,17.5,2,10,19,135.6,356.1,0,7,High,T20,57
29,All-rounder,Smooth,23.3,1,7,62,40.3,297.5,1,6,High,ODI,38
26,Batsman,Aggressive,24.6,3,5,88,126.8,255.1,0,5,Medium,ODI,44
27,Bowler,Aggressive,22.2,0,8,11,0.0,380.3,0,8,Low,Test,36
29,All-rounder,Aggressive,21.7,2,5,32,120.2,248.6,0,4,High,ODI,45
34,Wicket-keeper,Smooth,27.1,0,3,29,0.0,116.3,1,9,Low,T20,8
23,All-rounder,Smooth,23.3,0,8,94,0.0,320.9,0,7,Medium,Test,30
24,Wicket-keeper,Aggressive,24.6,0,3,101,0.0,119.5,1,9,Low,ODI,9
31,Wicket-keeper,Aggressive,25.4,2,8,117,91.3,278.4,0,6,High,ODI,42
30,Batsman,Aggressive,21.0,1,8,60,64.1,252.2,1,5,Low,ODI,36
25,Bowler,Numb,24.0,1,8,1,69.0,358.2,1,7,Low,Test,48
27,All-rounder,Aggressive,26.8,1,6,106,48.1,328.4,1,7,Medium,ODI,40
26,Batsman,Smooth,28.0,0,9,90,0.0,307.5,0,8,Medium,T20,26
35,All-rounder,Smooth,23.6,2,11,78,85.2,342.8,0,5,Medium,ODI,46
19,Wicket-keeper,Aggressive,22.9,0,7,58,0.0,346.4,1,8,Low,T20,33
22,Bowler,Aggressive,24.2,1,5,3,55.1,181.6,0,8,Low,T20,22
22,All-rounder,Aggressive,24.1,1,7,95,44.3,355.2,0,8,Medium,T20,39
23,All-rounder,Smooth,27.0,2,5,26,106.5,238.0,0,4,High,T20,42
36,Wicket-keeper,Smooth,21.0,0,8,68,0.0,429.1,1,9,High,T20,43
25,All-rounder,Smooth,22.8,3,10,45,167.0,402.2,0,5,Medium,T20,66
33,All-rounder,Smooth,20.7,3,9,52,172.7,418.9,1,5,High,ODI,73
30,Wicket-keeper,Aggressive,21.0,1,8,67,40.3,333.0,0,8,Medium,Test,37
18,Batsman,Numb,24.4,2,4,98,125.7,183.1,0,4,Medium,Test,38
39,Wicket-keeper,Smooth,25.5,0,3,21,0.0,123.7,1,6,Medium,T20,11
37,Batsman,Aggressive,21.9,0,2,90,0.0,69.4,0,9,Medium,ODI,1
34,Bowler,Numb,25.4,1,4,19,41.6,170.8,0,6,Medium,Test,22
24,Batsman,Smooth,26.3,1,7,23,62.6,302.5,1,6,Medium,T20,40
30,Batsman,Smooth,28.3,0,5,39,0.0,251.3,1,7,Low,ODI,24
21,Bowler,Smooth,23.7,0,7,15,0.0,338.7,0,7,Low,ODI,30
21,Batsman,Smooth,21.9,1,8,51,49.7,372.8,1,8,Low,T20,44
23,Wicket-keeper,Smooth,21.0,0,4,47,0.0,131.3,1,6,Medium,Test,14
36,Batsman,Aggressive,20.7,3,11,96,171.9,528.2,1,5,Low,Test,84
29,Bowler,Aggressive,26.6,1,3,14,44.6,127.5,0,7,Low,T20,16
39,Wicket-keeper,Numb,19.7,0,7,79,0.0,366.5,0,9,Medium,T20,32
24,Bowler,Aggressive,26.5,1,7,4,60.9,371.0,1,7,Medium,T20,46
27,Bowler,Aggressive,21.3,2,7,4,113.6,219.7,1,5,Medium,T20,40
36,All-rounder,Aggressive,21.8,1,9,49,51.6,454.6,0,5,Medium,ODI,52
24,All-rounder,Aggressive,23.1,1,7,73,52.6,216.6,0,8,High,ODI,28
20,Bowler,Smooth,21.7,2,4,2,113.7,156.7,0,4,High,T20,35
30,Bowler,Numb,25.8,3,7,5,120.5,304.9,0,6,High,Test,51
30,Bowler,Aggressive,28.0,0,7,16,0.0,235.9,0,9,Medium,T20,18
35,All-rounder,Aggressive,21.9,2,8,99,132.9,389.3,0,7,Low,T20,58
37,All-rounder,Aggressive,22.4,1,9,77,42.3,271.9,1,8,High,T20,35
25,Batsman,Numb,23.1,0,3,102,0.0,102.6,0,6,Low,ODI,6
26,Batsman,Smooth,24.9,2,7,84,135.2,311.6,1,6,Low,T20,53
24,Bowler,Aggressive,23.1,0,8,9,0.0,382.9,0,9,Medium,T20,34
18,Wicket-keeper,Smooth,27.0,0,6,70,0.0,317.5,0,7,Low,T20,28
20,Wicket-keeper,Numb,26.4,2,7,41,114.1,333.5,0,7,High,Test,53
30,All-rounder,Smooth,20.5,0,7,107,0.0,327.6,0,6,Medium,Test,31
34,All-rounder,Numb,24.8,3,6,72,204.8,239.2,1,6,Medium,T20,57
18,All-rounder,Aggressive,27.3,2,6,119,124.4,180.2,1,5,Medium,T20,38
23,Bowler,Smooth,22.3,3,11,5,127.8,363.0,0,3,Medium,ODI,56
38,Wicket-keeper,Smooth,22.8,1,5,87,60.1,216.8,0,8,Low,ODI,27
23,Batsman,Smooth,22.2,0,3,55,0.0,140.6,0,7,Medium,T20,10
29,Bowler,Smooth,22.2,1,6,1,54.1,242.6,1,5,Medium,Test,35
30,Batsman,Smooth,19.3,1,8,72,41.5,386.1,1,8,Medium,ODI,44
30,Batsman,Smooth,20.2,0,6,101,0.0,258.3,0,7,Medium,T20,22
32,Bowler,Aggressive,23.7,2,5,16,127.4,159.3,1,4,Low,ODI,37
38,Batsman,Smooth,27.3,0,2,99,0.0,69.6,1,9,Low,Test,5
33,Wicket-keeper,Numb,22.0,1,6,60,49.0,306.0,0,5,Low,ODI,36
39,Batsman,Numb,21.9,1,5,37,51.5,240.6,0,6,Low,T20,29
38,Wicket-keeper,Aggressive,27.8,2,10,41,131.3,523.7,1,7,High,T20,76
28,Wicket-keeper,Aggressive,20.7,0,3,85,0.0,98.8,1,9,High,T20,9
22,Wicket-keeper,Aggressive,19.3,1,5,40,48.2,273.8,0,8,Low,T20,31
21,All-rounder,Smooth,21.4,3,8,119,130.6,281.9,0,4,Medium,ODI,48
20,Batsman,Smooth,21.8,1,5,63,47.6,151.5,0,7,Medium,Test,20
36,Bowler,Aggressive,19.1,1,4,12,67.6,219.7,0,8,Low,ODI,28
37,Bowler,Smooth,23.2,2,7,1,114.9,259.2,1,5,Low,Test,46
35,Batsman,Smooth,25.9,3,5,48,168.0,233.5,0,3,High,T20,52
32,All-rounder,Smooth,20.3,1,4,73,57.9,137.7,1,5,Medium,Test,24
26,All-rounder,Smooth,23.7,1,7,109,51.0,311.5,1,6,High,ODI,41
34,Wicket-keeper,Smooth,24.5,3,12,104,192.6,631.2,0,5,Low,T20,94
31,Batsman,Smooth,23.3,0,7,36,0.0,266.0,0,7,Medium,ODI,23
32,Batsman,Aggressive,24.0,0,3,99,0.0,140.3,0,6,Low,T20,10
18,Bowler,Smooth,24.0,1,6,11,43.9,208.2,1,5,Low,ODI,28
38,Batsman,Smooth,21.5,1,9,50,56.1,410.6,0,8,Medium,ODI,46
39,All-rounder,Numb,27.2,0,7,92,0.0,268.9,1,8,Low,T20,25
39,Batsman,Smooth,26.6,2,5,114,98.5,176.4,1,5,Low,ODI,33
20,Bowler,Smooth,26.5,3,5,5,198.3,189.1,0,3,Low,ODI,50
33,Wicket-keeper,Aggressive,26.0,3,11,68,188.8,379.2,1,3,Low,T20,71
28,Bowler,Smooth,19.6,2,4,18,94.9,210.2,2,4,Medium,T20,39
29,Bowler,Aggressive,25.8,2,8,10,82.2,319.4,0,5,Medium,T20,43
27,Wicket-keeper,Aggressive,25.1,2,10,33,86.1,361.3,0,5,Low,ODI,48
33,Bowler,Smooth,19.7,2,6,8,123.7,247.3,1,6,Low,Test,46
25,Bowler,Numb,23.0,2,11,1,92.0,418.1,1,7,Low,Test,58
23,Batsman,Aggressive,24.2,2,10,118,102.3,486.1,0,7,Medium,ODI,62
29,Batsman,Aggressive,27.7,3,10,77,165.2,542.8,0,6,Low,ODI,79
38,Wicket-keeper,Smooth,25.3,2,10,77,123.5,409.5,0,4,Medium,T20,60
25,Batsman,Aggressive,21.3,0,5,70,0.0,257.6,2,9,Low,ODI,26
21,Batsman,Smooth,27.7,2,11,103,104.4,485.6,0,4,Low,T20,65
25,Bowler,Smooth,23.6,2,7,15,109.1,237.5,0,6,High,T20,41
35,All-rounder,Smooth,22.9,3,7,60,168.7,330.9,1,3,Medium,ODI,62
22,Batsman,Aggressive,22.7,3,11,102,193.7,471.2,0,5,Low,T20,77
26,All-rounder,Aggressive,19.4,2,4,101,90.3,185.1,0,6,High,ODI,32
21,Batsman,Smooth,23.2,3,5,35,192.7,261.2,0,6,Medium,Test,56
39,Batsman,Smooth,24.7,1,4,23,60.8,164.0,1,8,High,T20,27
34,Wicket-keeper,Aggressive,22.5,3,9,31,170.0,472.8,0,3,Medium,T20,75
26,Wicket-keeper,Smooth,24.6,3,10,48,183.0,487.7,1,4,Medium,Test,82
18,Wicket-keeper,Aggressive,21.3,3,12,26,157.1,506.6,1,6,High,ODI,79
38,All-rounder,Smooth,23.1,3,9,33,132.5,405.7,0,6,Low,T20,60
37,Bowler,Aggressive,24.3,0,8,6,0.0,305.1,0,7,Medium,T20,27
30,Batsman,Numb,24.0,0,6,118,0.0,327.5,0,7,Medium,ODI,29
33,Batsman,Aggressive,19.5,0,3,24,0.0,140.1,0,9,Low,ODI,8
30,Batsman,Aggressive,22.4,2,8,100,100.3,248.8,1,5,Low,T20,41
31,All-rounder,Aggressive,27.7,2,11,51,134.4,419.8,1,4,Low,T20,65
20,Wicket-keeper,Aggressive,22.3,1,5,93,57.6,227.9,0,7,Medium,Test,30
23,Bowler,Numb,23.5,0,3,5,0.0,94.2,0,8,Medium,ODI,4
35,All-rounder,Numb,23.3,2,6,100,107.0,183.6,0,7,Medium,Test,34
36,Wicket-keeper,Aggressive,27.4,3,11,88,188.1,453.8,1,6,Low,ODI,76
22,All-rounder,Aggressive,26.7,3,6,64,191.5,229.9,0,3,Medium,Test,55
32,Bowler,Smooth,25.5,0,8,5,0.0,327.7,0,7,High,T20,32
19,Wicket-keeper,Numb,21.1,1,9,68,66.8,329.1,0,8,Low,ODI,40
27,All-rounder,Smooth,24.4,1,7,52,48.0,238.8,0,7,Medium,T20,28
35,Bowler,Aggressive,24.9,3,7,17,157.0,330.6,0,3,Medium,ODI,58
30,Batsman,Aggressive,21.8,1,9,119,67.0,385.8,0,5,Medium,T20,47
22,Bowler,Smooth,21.3,0,4,18,0.0,140.0,0,7,Medium,T20,10
18,Batsman,Aggressive,27.8,3,7,28,181.7,265.9,1,6,High,Test,60
39,All-rounder,Smooth,22.7,2,5,81,131.5,224.0,0,7,Low,Test,42
18,Wicket-keeper,Aggressive,27.5,2,7,76,85.3,222.6,0,4,High,T20,37
35,Wicket-keeper,Smooth,26.0,1,7,48,65.9,235.8,0,7,Low,ODI,31
32,All-rounder,Aggressive,24.5,3,11,97,148.9,350.1,0,6,Low,T20,57
34,Wicket-keeper,Smooth,24.6,3,7,44,136.0,352.2,0,5,Low,T20,55
28,Wicket-keeper,Smooth,20.0,2,9,34,94.4,439.3,0,4,Medium,Test,60
38,Batsman,Smooth,24.0,3,8,25,157.6,390.7,0,6,Medium,T20,62
39,All-rounder,Aggressive,27.0,3,11,61,142.6,527.0,0,5,Low,Test,76
34,Bowler,Smooth,25.2,3,10,9,148.9,467.3,0,3,Low,T20,71
30,Batsman,Smooth,23.9,1,7,98,44.0,293.5,0,7,High,ODI,35
18,All-rounder,Smooth,27.8,3,9,112,146.7,414.5,1,6,High,ODI,68
19,Batsman,Smooth,23.0,0,4,23,0.0,123.8,0,7,Medium,T20,8
26,Bowler,Smooth,22.0,1,5,9,53.3,227.7,0,7,Medium,T20,28
20,Bowler,Smooth,23.9,3,12,9,151.2,593.4,0,4,Medium,Test,85
18,All-rounder,Aggressive,25.4,3,12,68,187.2,510.1,0,6,Low,ODI,80
38,Bowler,Smooth,19.2,0,8,1,0.0,311.5,0,7,High,T20,30
33,Batsman,Smooth,24.2,1,4,99,62.7,147.7,0,5,Low,ODI,22
23,Bowler,Aggressive,25.5,2,7,7,99.9,322.5,1,5,Medium,T20,49
34,Batsman,Aggressive,22.8,2,10,33,124.7,473.2,0,6,Low,T20,65
22,Batsman,Aggressive,26.3,1,6,22,44.6,310.6,0,7,Medium,T20,35
22,Bowler,Smooth,25.1,3,7,0,131.7,269.9,1,4,Medium,T20,49
23,All-rounder,Smooth,28.9,3,9,83,151.1,443.2,1,3,Medium,Test,73
20,Wicket-keeper,Smooth,21.6,2,6,64,128.5,264.2,0,7,Low,ODI,44
38,Bowler,Smooth,25.6,2,8,14,94.8,416.6,0,5,Medium,Test,57
22,Batsman,Aggressive,21.0,2,11,77,83.8,475.1,0,6,Low,ODI,59
38,Batsman,Aggressive,19.5,0,8,39,0.0,343.5,0,8,Low,Test,32
22,Bowler,Aggressive,18.4,2,11,1,131.5,488.9,0,5,Low,ODI,69
27,All-rounder,Aggressive,24.8,0,6,108,0.0,292.4,0,7,Medium,ODI,25
27,All-rounder,Aggressive,24.0,1,5,76,47.6,270.6,1,6,Medium,Test,36
36,Batsman,Aggressive,22.3,3,12,96,170.0,382.1,0,6,Medium,ODI,64
34,Batsman,Smooth,19.1,2,4,87,111.7,125.3,0,6,Medium,T20,27
38,All-rounder,Smooth,21.8,3,8,97,179.0,427.5,0,5,Medium,ODI,70
31,Wicket-keeper,Numb,23.5,3,10,116,141.0,432.5,1,5,Medium,Test,69
26,Bowler,Numb,25.5,2,8,7,131.9,363.0,0,7,Low,ODI,55
31,Batsman,Smooth,23.5,2,8,71,98.6,336.5,0,4,Low,ODI,48
18,Batsman,Aggressive,24.1,1,3,56,60.8,97.0,0,7,Medium,ODI,15
36,All-rounder,Smooth,22.6,0,8,27,0.0,393.6,0,8,Medium,Test,37
30,Bowler,Smooth,27.9,0,8,16,0.0,389.4,0,6,High,T20,39
30,All-rounder,Aggressive,21.0,3,11,117,151.7,415.7,0,6,High,ODI,66
21,Bowler,Aggressive,21.8,2,9,1,112.6,338.9,0,4,Low,T20,51
18,Bowler,Smooth,22.3,1,4,3,42.2,203.8,0,5,Low,ODI,25
34,Bowler,Aggressive,24.9,1,3,0,63.7,95.4,0,5,Medium,ODI,17
25,Batsman,Smooth,20.9,1,8,64,46.5,416.2,1,5,Low,T20,50
19,Wicket-keeper,Smooth,23.8,1,10,28,60.3,364.2,0,8,Low,T20,42
25,All-rounder,Aggressive,23.9,1,3,51,64.1,134.5,0,8,High,ODI,22
24,Wicket-keeper,Aggressive,21.8,0,6,52,0.0,320.4,0,6,Low,T20,29
19,All-rounder,Aggressive,24.3,0,5,86,0.0,234.8,0,7,High,T20,22
39,Bowler,Aggressive,21.0,0,2,18,0.0,80.7,2,7,Medium,Test,10
39,Batsman,Aggressive,20.7,2,5,95,101.3,236.2,0,5,Medium,T20,38
20,Wicket-keeper,Smooth,23.7,3,7,48,192.8,270.2,0,4,Low,T20,57
35,Batsman,Aggressive,19.4,1,10,22,48.8,369.3,0,7,Low,Test,43
29,All-rounder,Smooth,18.1,2,9,109,114.3,494.3,1,7,Medium,T20,68
18,Batsman,Aggressive,24.8,1,10,76,62.4,487.7,1,8,Low,T20,58
39,Batsman,Numb,26.1,0,9,49,0.0,415.1,0,6,Low,ODI,39
29,Wicket-keeper,Aggressive,22.3,2,4,28,98.2,155.5,0,6,Low,ODI,28
22,Bowler,Aggressive,21.8,0,2,7,0.0,62.5,0,6,Low,Test,4
34,Batsman,Numb,26.0,1,4,21,64.5,123.1,0,5,Low,Test,21
33,Bowler,Smooth,20.6,1,6,15,67.9,263.1,1,8,Medium,ODI,36
32,All-rounder,Aggressive,20.1,3,5,22,169.1,245.3,0,5,Low,T20,50
32,Batsman,Smooth,25.3,1,3,65,59.8,130.3,0,6,Low,T20,19
22,Wicket-keeper,Smooth,23.5,0,5,87,0.0,255.1,1,9,Medium,T20,23
38,All-rounder,Smooth,26.2,1,4,44,43.0,123.3,1,7,High,T20,20
31,All-rounder,Aggressive,18.1,3,10,70,140.9,391.7,0,5,Low,ODI,60
19,Wicket-keeper,Aggressive,20.0,3,12,32,183.8,431.1,1,6,Low,ODI,73
28,Batsman,Smooth,23.5,0,7,63,0.0,288.3,0,9,Medium,T20,24
36,Batsman,Smooth,24.5,2,4,54,131.4,127.2,1,4,High,Test,39
24,All-rounder,Aggressive,25.6,1,6,74,52.5,323.1,1,5,Medium,T20,41
23,Batsman,Smooth,23.9,3,5,106,128.0,177.9,0,3,Medium,T20,37
19,Bowler,Smooth,23.9,1,9,12,53.1,477.5,1,6,Low,ODI,57
23,Wicket-keeper,Aggressive,22.5,1,5,21,46.9,203.2,1,8,Medium,T20,26
35,Bowler,Smooth,27.5,2,9,11,97.5,491.7,0,6,Low,T20,63
19,Batsman,Aggressive,20.7,3,11,60,189.5,482.4,0,6,Medium,T20,77
35,All-rounder,Smooth,24.4,1,7,63,42.3,372.9,1,7,Medium,T20,43
32,Wicket-keeper,Smooth,21.0,3,7,83,194.5,210.9,0,4,High,ODI,54
36,Batsman,Numb,24.8,0,2,50,0.0,97.4,0,9,Low,Test,6
19,Batsman,Aggressive,20.9,0,3,66,0.0,157.7,1,8,Low,T20,13
37,All-rounder,Aggressive,25.4,1,8,21,42.7,267.9,1,7,Medium,T20,32
23,All-rounder,Aggressive,23.8,3,9,115,150.4,291.6,0,3,Medium,ODI,53
18,Bowler,Aggressive,27.9,1,5,14,42.7,203.1,0,6,Medium,Test,26
32,Wicket-keeper,Aggressive,22.8,3,10,96,206.5,533.4,0,6,Low,T20,85
27,Wicket-keeper,Numb,24.6,3,8,88,192.7,348.5,0,3,Low,T20,66
36,All-rounder,Aggressive,21.6,2,5,77,107.6,215.9,0,5,Medium,ODI,37
34,Bowler,Aggressive,22.8,2,6,10,93.4,201.2,1,4,Low,ODI,36
22,Wicket-keeper,Smooth,23.8,2,7,93,136.0,210.1,0,7,High,T20,42
21,All-rounder,Aggressive,19.7,1,9,75,50.3,452.3,0,7,Medium,ODI,50
27,Batsman,Smooth,20.0,2,4,62,89.7,128.8,0,7,Medium,T20,23
34,Wicket-keeper,Aggressive,25.0,2,7,108,113.8,320.9,2,5,Medium,ODI,53
27,Bowler,Smooth,23.1,0,4,13,0.0,211.5,0,9,Medium,ODI,16
34,Bowler,Aggressive,22.0,3,12,17,120.3,422.6,0,4,Low,Test,62
37,Bowler,Aggressive,21.7,3,7,14,141.4,326.4,0,3,High,T20,57
22,Batsman,Numb,21.8,2,11,89,136.3,351.6,0,5,Low,T20,55
19,Wicket-keeper,Aggressive,23.8,3,11,74,135.4,496.0,0,5,Medium,T20,70
23,Wicket-keeper,Smooth,24.6,0,2,86,0.0,68.2,0,8,Low,Test,3
38,Batsman,Aggressive,18.3,0,9,32,0.0,435.6,0,8,Medium,T20,40
19,Wicket-keeper,Aggressive,27.0,2,11,22,131.7,412.8,0,4,Low,T20,62
30,Batsman,Numb,26.9,0,5,45,0.0,207.9,0,7,Low,T20,17
28,Batsman,Aggressive,17.7,3,8,76,209.5,359.9,0,3,High,ODI,72
28,Batsman,Smooth,26.2,1,3,43,60.4,102.8,0,8,Low,T20,15
33,Bowler,Numb,26.1,3,8,0,126.7,388.3,0,6,Medium,T20,57
28,Wicket-keeper,Smooth,23.5,1,8,89,69.8,300.5,0,8,High,T20,40
36,Batsman,Numb,20.3,2,4,62,104.5,186.2,0,7,Low,Test,33
32,Wicket-keeper,Aggressive,26.0,1,4,79,48.6,135.8,0,7,Medium,ODI,17
33,Bowler,Aggressive,22.9,0,9,4,0.0,424.8,0,7,Low,ODI,39
28,Batsman,Aggressive,24.9,3,7,68,147.4,232.4,0,5,Low,Test,47
39,All-rounder,Smooth,29.0,1,4,61,42.6,162.5,0,6,Medium,Test,21
33,Bowler,Numb,24.1,3,12,12,120.1,434.2,1,4,High,T20,67
25,All-rounder,Aggressive,21.2,2,9,119,107.0,438.4,1,4,Low,Test,64
21,Wicket-keeper,Smooth,22.7,2,11,85,130.2,402.1,0,7,Medium,T20,58
25,Wicket-keeper,Aggressive,21.5,0,9,30,0.0,468.4,0,7,Medium,T20,44
21,Bowler,Smooth,24.6,2,11,12,140.0,575.3,0,7,High,Test,82
20,Wicket-keeper,Smooth,21.5,1,9,109,48.6,314.2,0,8,Low,T20,35
20,All-rounder,Numb,22.3,2,9,37,96.8,408.1,0,7,Medium,T20,53
35,Batsman,Smooth,20.3,0,6,104,0.0,193.2,1,8,Medium,T20,17
36,Batsman,Aggressive,23.2,3,9,119,134.8,358.1,0,6,Medium,ODI,55
36,Batsman,Aggressive,23.9,3,9,71,145.7,430.5,1,4,High,T20,71
38,Bowler,Aggressive,16.8,2,4,11,127.6,185.9,0,6,High,ODI,39
22,Wicket-keeper,Aggressive,24.1,1,6,63,67.2,273.7,1,8,Low,Test,38
35,All-rounder,Aggressive,23.4,0,7,41,0.0,259.4,1,6,Medium,ODI,25
27,Wicket-keeper,Numb,21.6,1,4,72,47.0,157.8,0,8,Low,T20,19
39,Wicket-keeper,Smooth,28.6,0,8,78,0.0,260.6,0,9,Low,Test,23
38,Wicket-keeper,Smooth,25.9,2,5,113,99.7,239.9,0,6,Medium,T20,37
23,Batsman,Aggressive,20.8,0,3,49,0.0,127.8,0,7,Low,T20,8
18,All-rounder,Numb,25.6,0,3,27,0.0,143.2,0,9,Medium,T20,9
22,All-rounder,Smooth,26.6,2,10,117,118.2,362.2,0,6,High,ODI,55
26,Wicket-keeper,Aggressive,23.8,1,7,76,44.9,266.8,0,7,Low,T20,30
29,Batsman,Smooth,24.4,2,5,92,105.8,191.8,1,5,High,T20,39
31,Batsman,Smooth,24.3,0,8,39,0.0,245.1,0,8,Medium,T20,20
19,All-rounder,Aggressive,18.3,2,10,44,124.2,385.3,2,5,Medium,T20,62
34,Batsman,Smooth,23.0,0,5,38,0.0,250.4,0,6,High,ODI,24
31,Batsman,Smooth,22.9,2,10,24,139.4,524.3,1,7,Low,Test,77
30,Batsman,Aggressive,27.1,3,9,94,124.9,386.6,0,5,Medium,ODI,57
26,Bowler,Numb,24.3,3,6,9,152.0,248.3,0,3,Medium,T20,49
32,Wicket-keeper,Smooth,22.8,2,10,91,108.9,307.7,1,6,Low,T20,48
39,All-rounder,Smooth,23.3,1,3,102,55.1,155.9,0,7,High,Test,25
32,All-rounder,Smooth,26.1,0,8,106,0.0,242.6,1,6,High,T20,26
28,Bowler,Aggressive,23.0,3,7,10,185.6,375.3,0,5,Low,Test,68
33,Wicket-keeper,Smooth,21.8,1,5,59,66.2,211.2,0,7,Low,T20,28
34,All-rounder,Smooth,22.8,0,4,115,0.0,154.2,0,6,Medium,Test,13
21,Batsman,Aggressive,25.9,3,11,45,192.5,584.2,1,5,Low,T20,91
18,All-rounder,Smooth,24.7,3,9,46,196.6,275.5,0,4,Medium,T20,58
25,Batsman,Smooth,23.6,2,5,81,113.0,222.7,1,6,Low,ODI,40
34,Bowler,Smooth,24.0,0,7,8,0.0,306.1,1,9,Medium,ODI,28
20,Batsman,Aggressive,22.1,1,8,69,49.1,283.9,0,7,Low,T20,33
37,All-rounder,Smooth,23.0,1,8,61,52.0,325.8,0,8,Low,ODI,37
32,All-rounder,Aggressive,21.8,1,7,48,49.5,324.1,1,8,Medium,ODI,39
32,All-rounder,Aggressive,22.8,0,5,58,0.0,240.9,0,8,Medium,T20,19
39,Bowler,Aggressive,26.9,1,10,10,48.6,300.2,0,5,High,T20,38
31,Bowler,Aggressive,20.8,1,3,14,68.8,160.3,0,6,High,T20,26
31,Wicket-keeper,Smooth,21.8,1,3,52,49.4,102.3,0,6,Low,T20,15
19,All-rounder,Smooth,20.4,2,6,102,85.9,215.0,0,6,Low,ODI,32
30,Batsman,Aggressive,19.8,2,6,102,111.6,219.5,0,4,High,T20,41
31,Bowler,Numb,23.0,0,8,18,0.0,247.6,1,6,High,T20,26
36,All-rounder,Numb,22.0,0,7,35,0.0,231.5,0,7,High,T20,22
24,All-rounder,Numb,27.9,1,9,42,46.6,491.9,0,5,Low,ODI,55
20,Bowler,Aggressive,22.8,2,11,11,107.9,416.7,2,6,High,T20,64
32,Wicket-keeper,Smooth,26.7,3,10,45,159.0,328.8,1,5,Low,T20,59
31,Bowler,Numb,25.9,3,7,17,192.0,228.7,1,3,Medium,T20,56
28,Bowler,Smooth,23.0,1,4,15,62.2,191.9,0,7,High,Test,29
32,Batsman,Aggressive,28.8,1,6,91,52.8,308.2,1,8,Low,T20,38
30,Batsman,Aggressive,24.2,2,10,24,100.0,364.2,0,5,High,ODI,53
35,Wicket-keeper,Smooth,27.3,2,7,111,99.0,213.7,0,6,Low,T20,34
23,All-rounder,Numb,27.0,2,7,88,126.4,249.0,0,4,High,T20,46
20,Bowler,Smooth,24.5,0,5,3,0.0,157.1,0,7,Low,ODI,11
36,Wicket-keeper,Smooth,25.4,0,4,45,0.0,130.3,1,8,High,T20,13
32,Batsman,Aggressive,25.1,1,3,24,63.9,122.4,0,6,Low,Test,21
22,Bowler,Smooth,20.6,0,4,8,0.0,143.0,1,6,Medium,Test,15
27,All-rounder,Smooth,23.6,2,7,98,87.9,300.3,1,7,Medium,ODI,43
24,Batsman,Aggressive,26.2,2,6,32,94.1,218.0,0,7,Medium,ODI,33
34,Batsman,Smooth,27.3,0,5,47,0.0,267.6,0,8,Low,T20,22
24,Batsman,Numb,21.7,3,9,52,197.4,473.8,0,6,Medium,T20,78
39,Wicket-keeper,Aggressive,24.8,1,8,42,61.3,353.4,0,7,Low,Test,44
29,All-rounder,Smooth,23.9,3,5,116,163.4,194.3,0,4,Medium,ODI,44
34,Bowler,Aggressive,23.2,1,7,3,55.6,276.7,2,7,Low,ODI,38
30,Wicket-keeper,Smooth,24.4,3,6,49,207.8,241.8,0,5,High,T20,58
37,Wicket-keeper,Smooth,24.0,0,4,45,0.0,192.8,0,8,Low,T20,15
21,Wicket-keeper,Smooth,24.9,1,4,35,46.5,165.2,1,8,Low,Test,23
27,Batsman,Smooth,27.1,1,9,96,64.3,462.8,0,7,Low,T20,54
20,All-rounder,Aggressive,25.5,1,5,58,45.9,268.0,1,5,Medium,T20,34
26,Wicket-keeper,Numb,24.3,2,11,52,92.8,422.4,0,6,Low,T20,55
30,Bowler,Smooth,28.2,2,11,11,120.6,484.2,0,5,Medium,Test,68
35,All-rounder,Aggressive,26.3,3,10,67,156.5,323.8,0,3,High,T20,60
32,Bowler,Smooth,23.3,0,6,4,0.0,210.1,0,7,Medium,Test,19
21,All-rounder,Smooth,20.5,2,9,57,85.3,363.0,0,5,Medium,T20,48
32,Bowler,Aggressive,21.0,1,9,9,55.3,316.4,1,6,Low,Test,42
39,Batsman,Numb,25.8,2,7,25,135.1,363.4,0,4,Medium,ODI,57
19,Wicket-keeper,Numb,21.9,0,7,65,0.0,237.7,1,6,Low,T20,23
32,Bowler,Aggressive,21.0,2,9,16,89.4,372.5,0,7,Medium,ODI,49
25,All-rounder,Numb,21.6,1,10,57,51.0,451.4,0,5,Low,T20,52
25,Wicket-keeper,Aggressive,21.8,3,8,107,175.7,378.4,0,5,Medium,T20,65
34,Wicket-keeper,Aggressive,25.6,1,10,37,44.8,395.8,1,6,Low,Test,48
29,All-rounder,Aggressive,23.1,0,4,46,0.0,206.9,0,9,High,T20,18
36,Bowler,Numb,20.1,3,8,6,202.3,353.7,0,3,Low,T20,68
27,Batsman,Smooth,23.6,2,8,91,90.0,327.9,1,5,Medium,T20,48
26,Batsman,Aggressive,24.1,2,9,111,87.3,285.1,0,4,Low,T20,41
22,Bowler,Aggressive,22.3,2,11,3,85.1,457.8,1,7,Medium,Test,61
23,Wicket-keeper,Smooth,26.4,3,8,36,201.8,404.1,0,3,High,T20,75
37,Wicket-keeper,Aggressive,22.4,1,9,81,45.8,408.3,1,5,Medium,Test,50
19,Wicket-keeper,Numb,26.3,3,11,48,157.5,558.8,1,4,Medium,Test,85
30,Wicket-keeper,Smooth,25.0,3,10,77,160.4,423.5,1,5,High,T20,72
23,Bowler,Smooth,25.8,0,6,1,0.0,197.8,0,6,Medium,T20,16
22,Wicket-keeper,Numb,20.8,3,6,97,126.5,182.0,0,6,Medium,Test,37
18,All-rounder,Aggressive,23.7,2,11,41,93.6,413.4,1,4,Medium,T20,58
38,Wicket-keeper,Numb,23.4,1,7,25,67.9,332.1,0,5,Medium,T20,42
39,Batsman,Smooth,19.9,1,3,45,67.3,149.3,0,7,Low,T20,22
38,Wicket-keeper,Smooth,26.3,1,3,58,63.4,112.2,1,6,High,ODI,23
23,Bowler,Aggressive,21.5,2,4,15,81.2,169.6,0,7,Medium,ODI,26
23,Batsman,Numb,22.0,2,9,118,99.6,364.8,0,5,Low,T20,51
33,Bowler,Aggressive,21.0,2,10,10,117.7,402.6,0,5,Medium,T20,58
21,Bowler,Aggressive,25.3,2,6,1,96.5,214.7,0,5,Low,Test,36
28,Batsman,Aggressive,19.7,2,11,70,134.6,367.5,0,4,Low,ODI,57
26,Bowler,Smooth,25.0,3,11,15,177.1,384.1,0,5,Medium,ODI,66
20,Bowler,Smooth,26.1,2,6,14,84.3,188.3,0,4,High,ODI,33
36,Wicket-keeper,Smooth,24.8,2,6,90,134.5,209.7,1,7,High,T20,44
25,All-rounder,Numb,25.3,2,10,69,137.5,302.3,1,6,High,ODI,55
22,Bowler,Aggressive,25.4,2,11,3,84.7,502.5,0,5,High,T20,65
21,Bowler,Smooth,21.1,1,8,15,56.0,303.3,0,7,Low,T20,36
23,Bowler,Aggressive,27.1,2,8,11,98.2,434.6,1,7,Low,ODI,59
19,Wicket-keeper,Numb,22.3,3,7,29,155.4,243.9,0,3,High,T20,51
37,All-rounder,Smooth,23.3,3,6,74,136.2,231.9,0,3,Low,Test,46
28,Batsman,Smooth,22.7,3,11,28,172.0,428.4,1,4,Medium,T20,72
21,Wicket-keeper,Smooth,24.7,0,8,98,0.0,241.7,0,6,Medium,Test,22
32,Wicket-keeper,Aggressive,22.2,1,3,71,55.1,152.9,1,5,Low,Test,26
23,All-rounder,Smooth,23.7,2,8,21,85.0,246.4,0,7,High,T20,37
39,All-rounder,Smooth,20.4,0,2,44,0.0,107.0,1,8,Medium,ODI,8
34,Wicket-keeper,Smooth,26.4,2,10,32,100.4,523.0,0,4,Medium,T20,68
23,Batsman,Aggressive,25.2,0,8,117,0.0,347.1,1,9,High,Test,36
36,Wicket-keeper,Smooth,22.8,0,4,70,0.0,174.4,0,9,Medium,T20,12
19,All-rounder,Smooth,22.3,3,9,77,137.4,417.1,0,4,Low,ODI,63
32,Batsman,Aggressive,25.1,3,8,53,137.2,317.4,0,6,Medium,T20,51
28,All-rounder,Aggressive,21.7,0,3,54,0.0,138.5,0,7,High,T20,12
25,Batsman,Smooth,23.8,3,12,22,143.9,373.4,0,3,Medium,T20,60
36,Bowler,Smooth,26.4,0,4,16,0.0,125.4,0,7,Medium,T20,8
30,All-rounder,Aggressive,21.5,1,9,89,46.2,372.9,0,8,Medium,ODI,41
29,All-rounder,Aggressive,24.4,3,12,67,149.0,524.9,0,5,Low,ODI,75
22,Wicket-keeper,Aggressive,24.3,3,7,83,161.9,365.4,0,5,High,ODI,64
23,All-rounder,Aggressive,23.3,3,6,38,204.9,195.7,1,3,High,T20,57
39,All-rounder,Smooth,22.2,1,9,86,68.0,455.1,1,5,Low,T20,57
21,Bowler,Smooth,26.5,0,3,17,0.0,105.8,1,8,Low,T20,8
36,All-rounder,Smooth,22.0,2,11,92,101.5,438.4,1,5,High,Test,65
37,Bowler,Smooth,19.0,3,8,3,133.4,303.3,0,3,High,Test,55
18,Bowler,Aggressive,25.1,0,4,3,0.0,160.0,0,9,High,T20,13
37,Bowler,Smooth,20.5,1,8,19,53.8,270.1,0,5,High,T20,36
34,Bowler,Smooth,25.2,2,6,19,134.0,255.5,1,5,Medium,T20,48
29,Batsman,Numb,26.8,3,5,113,203.7,250.2,2,3,Medium,ODI,62
32,Wicket-keeper,Smooth,25.1,1,7,87,51.5,287.3,0,8,Medium,ODI,33
18,Batsman,Aggressive,26.2,1,7,88,54.8,295.9,0,8,Low,ODI,34
31,All-rounder,Smooth,28.6,2,4,20,133.8,204.9,0,7,Medium,T20,39
23,Batsman,Aggressive,25.9,0,8,110,0.0,381.2,0,7,Medium,ODI,35
22,Batsman,Smooth,24.3,3,9,111,120.3,380.4,0,4,Medium,ODI,56
28,All-rounder,Aggressive,27.6,3,6,82,148.8,218.7,0,6,Medium,T20,43
21,All-rounder,Aggressive,27.9,0,9,48,0.0,469.1,1,9,Medium,ODI,45
30,All-rounder,Numb,27.9,0,9,101,0.0,399.8,0,7,Low,T20,37
28,Batsman,Aggressive,22.3,0,6,31,0.0,213.2,1,7,Low,T20,20
20,Batsman,Smooth,20.1,2,8,96,82.3,293.8,1,5,Low,Test,45
18,All-rounder,Aggressive,22.1,2,4,60,118.6,200.3,1,6,Low,T20,39
23,Wicket-keeper,Smooth,25.3,3,11,21,143.6,342.1,0,4,High,Test,60
35,Wicket-keeper,Smooth,23.9,2,7,56,83.1,383.6,0,7,Low,ODI,49
27,Bowler,Smooth,23.0,1,7,4,46.9,232.8,0,7,Low,T20,27
22,All-rounder,Aggressive,24.9,3,10,99,192.2,499.0,0,4,Medium,ODI,81
27,Bowler,Aggressive,19.8,2,8,9,131.1,319.0,0,7,Medium,ODI,50
29,Wicket-keeper,Aggressive,23.9,0,5,43,0.0,211.5,2,6,Low,T20,23
19,Bowler,Aggressive,26.3,1,3,18,52.5,156.0,1,7,Medium,T20,23
30,All-rounder,Smooth,24.9,0,5,41,0.0,201.6,1,9,Medium,T20,17
25,All-rounder,Numb,25.2,3,5,119,138.1,217.2,1,3,Low,T20,46
19,All-rounder,Numb,27.5,0,3,30,0.0,93.7,0,9,Low,T20,4
37,Batsman,Smooth,23.3,2,4,77,97.5,120.2,0,5,High,T20,27
18,Bowler,Smooth,21.9,2,5,13,90.4,180.6,0,5,High,T20,33
22,Wicket-keeper,Smooth,26.5,3,6,48,154.1,282.1,0,3,Medium,Test,54
26,Wicket-keeper,Aggressive,26.4,0,2,54,0.0,66.1,1,7,Low,T20,4
34,Wicket-keeper,Numb,24.9,3,10,34,175.4,328.4,0,6,Medium,ODI,59
26,Batsman,Smooth,23.1,0,4,79,0.0,161.1,0,6,Medium,ODI,12
28,Batsman,Smooth,23.5,1,3,114,68.0,138.6,0,8,Low,ODI,20
32,All-rounder,Aggressive,20.3,2,8,61,82.9,382.4,0,7,Medium,T20,49
23,Wicket-keeper,Aggressive,26.3,3,10,62,138.9,344.6,0,6,Medium,Test,56
20,Batsman,Smooth,26.2,1,8,99,57.0,255.9,1,6,Low,ODI,34
34,All-rounder,Numb,20.2,1,7,93,58.5,374.6,0,6,Medium,Test,46
22,Wicket-keeper,Smooth,25.7,3,7,68,123.6,255.6,0,6,High,T20,45
29,Bowler,Aggressive,24.5,3,10,17,156.3,513.3,0,5,Low,T20,75
35,All-rounder,Numb,20.9,1,4,51,59.5,206.3,0,8,High,ODI,28
31,Batsman,Aggressive,20.5,0,9,83,0.0,443.8,0,9,Low,T20,40
38,Batsman,Aggressive,24.4,1,5,21,59.1,171.1,2,5,High,T20,31
28,All-rounder,Aggressive,22.5,3,11,43,148.9,556.0,0,6,Low,T20,78
26,All-rounder,Smooth,28.0,1,7,106,42.8,344.6,0,6,Low,ODI,39
19,Batsman,Numb,25.9,0,4,85,0.0,179.7,0,6,Medium,Test,16
29,Bowler,Aggressive,24.7,2,4,3,87.7,153.7,1,6,Medium,T20,29
20,Wicket-keeper,Numb,24.8,2,11,50,136.9,402.2,0,4,High,Test,66
20,Bowler,Aggressive,26.8,1,5,9,54.3,165.2,1,7,Low,ODI,24
18,All-rounder,Numb,25.6,0,3,48,0.0,128.2,0,6,Low,T20,9
25,Bowler,Smooth,24.7,2,11,0,126.0,490.9,1,4,Medium,Test,73
39,Batsman,Smooth,21.0,1,3,97,54.9,117.0,0,7,Medium,Test,18
25,All-rounder,Aggressive,31.2,1,6,44,49.3,251.3,0,6,Low,ODI,30
28,Wicket-keeper,Numb,20.7,0,6,67,0.0,234.5,0,7,Medium,T20,19
26,Batsman,Smooth,22.7,3,12,84,198.0,552.3,0,4,Medium,ODI,87
22,Batsman,Aggressive,19.4,1,7,72,60.2,367.7,1,5,High,T20,49
31,Wicket-keeper,Smooth,24.8,3,7,86,124.2,238.7,1,6,High,T20,46
20,Wicket-keeper,Aggressive,23.9,3,10,109,171.0,395.4,0,3,Low,T20,67
38,Bowler,Numb,25.4,2,4,17,125.8,134.1,1,7,Medium,Test,34
22,All-rounder,Aggressive,19.2,3,8,28,132.3,365.0,1,6,Low,Test,60
22,Wicket-keeper,Smooth,26.3,0,2,57,0.0,96.4,1,7,Medium,T20,8
36,Wicket-keeper,Smooth,21.5,2,8,106,132.9,426.4,0,7,Medium,T20,61
31,All-rounder,Aggressive,23.1,2,4,40,81.2,147.9,0,4,High,Test,30
21,Wicket-keeper,Aggressive,25.8,2,7,84,125.2,376.3,0,4,Medium,T20,57
30,Wicket-keeper,Aggressive,24.2,1,8,40,54.2,252.7,1,6,High,ODI,36
27,Bowler,Smooth,24.3,1,5,2,53.4,225.4,0,7,High,T20,30
35,Batsman,Aggressive,25.5,3,6,89,120.6,188.6,0,3,High,T20,40
25,Batsman,Smooth,24.6,2,4,63,129.2,209.4,0,7,High,Test,42
25,Batsman,Aggressive,22.6,2,11,119,101.6,475.7,0,4,Medium,T20,63
24,Batsman,Aggressive,23.1,0,3,47,0.0,140.2,1,6,Low,T20,13
25,Wicket-keeper,Smooth,24.0,3,9,64,181.0,457.1,1,3,Low,T20,77
31,All-rounder,Aggressive,21.3,0,4,36,0.0,135.0,0,8,Low,Test,10
36,All-rounder,Numb,26.0,3,11,59,206.0,340.6,1,6,Medium,Test,69
23,Bowler,Numb,24.2,3,7,12,167.8,363.8,0,4,Medium,T20,63
18,Bowler,Smooth,23.7,1,3,19,52.0,113.6,0,5,Medium,T20,17
32,Wicket-keeper,Smooth,26.5,1,10,95,68.6,332.2,0,8,High,ODI,43
18,All-rounder,Numb,23.2,0,7,85,0.0,292.0,0,9,High,T20,27
34,All-rounder,Aggressive,23.0,3,7,65,146.8,314.7,0,4,Low,ODI,54
18,Batsman,Aggressive,22.3,2,4,105,87.6,123.1,1,4,Low,T20,27
32,Wicket-keeper,Aggressive,24.4,1,3,106,65.3,110.6,0,7,Medium,T20,17
19,Wicket-keeper,Smooth,24.3,2,5,49,101.7,154.1,1,7,Low,ODI,30
31,Batsman,Aggressive,21.8,0,4,88,0.0,162.0,0,7,Medium,T20,12
38,Wicket-keeper,Smooth,23.1,1,3,28,54.1,157.1,0,7,Medium,Test,22
25,Wicket-keeper,Numb,21.9,1,4,104,46.0,218.3,0,8,Medium,T20,25
25,Bowler,Numb,21.7,3,12,8,174.2,551.1,0,3,High,T20,86
36,All-rounder,Smooth,19.2,0,5,88,0.0,170.2,0,9,High,Test,16
24,Wicket-keeper,Aggressive,22.9,3,12,118,157.2,631.8,0,5,Low,T20,88
36,Bowler,Smooth,19.2,1,9,18,56.4,386.2,0,7,Medium,ODI,45
23,All-rounder,Smooth,22.3,0,3,85,0.0,101.5,0,6,Medium,T20,6
23,Batsman,Aggressive,22.0,1,4,107,62.5,212.2,0,5,Low,ODI,29
20,Bowler,Aggressive,26.1,0,2,9,0.0,97.9,1,7,Low,ODI,8
24,Bowler,Numb,21.0,1,7,9,63.1,338.0,1,5,Medium,T20,44
36,All-rounder,Smooth,21.6,2,8,58,82.3,381.8,0,5,Low,Test,51
